AREA,PAIS,CONTINENTE,SUB_REGIAO,ISO,0-4,5-9,10-14,15-19,20-24,25-29,30-34,35-39,40-44,45-49,50-54,55-59,60-64,65-69,70-74,75-79,80-84,85-89,90-94,95-99,100+,POPULACAO,URBANIZACAO,GINI,GASTOS_SAUDE,EXPECTATIVA_VIDA,DENSIDADE_MEDICOS,DENSIDADE_LEITOS_POR_MIL,PIB,CASOS,MORTES,CASOS_POR_MILHAO,MORTES_POR_MILHAO
9388211,CHINA,ASIA,EASTERN ASIA,CHN,82832536.0,80530944.0,77715286.0,74503800.0,85502189.0,101347754.0,126191430.0,99479184.0,92484264.0,114227816.0,118770840.0,95420349.0,72964803.0,69956093.0,45440868.0,27920363.0,17538651.0,8401852.0,2391229.0,370526.0,25200.0,1394015977.0,0.625,38.5,0.054000000000000006,76.31,1.98,4.3,22526502000000.0,119837,5621,81.5,3.8
2973190,INDIA,ASIA,SOUTHERN ASIA,IND,116320763.0,116134270.0,116406628.0,116858691.0,115304620.0,109224567.0,102428612.0,96469265.0,89655837.0,82377295.0,70962410.0,58373273.0,46518582.0,35362221.0,25140011.0,16061770.0,8403793.0,3200789.0,778026.0,104828.0,6996.0,1326093247.0,0.354,35.7,0.035,70.03,0.86,0.5,9155083000000.0,31216337,418480,22620.5,303.2
9147420,UNITED STATES,AMERICA DO NORTE,NORTHERN AMERICA,USA,20438539.0,20200409.0,20769978.0,21038355.0,21899476.0,23511987.0,22979416.0,21922009.0,20429786.0,20104631.0,20510406.0,21771752.0,21010792.0,18030171.0,14759266.0,10053038.0,6508211.0,3943281.0,2016964.0,648571.0,92064.0,332639102.0,0.8290000000000001,41.1,0.16899999999999998,80.43,2.61,,20524945000000.0,33828878,604252,102201.20000000001,1825.5
1811570,INDONESIA,ASIA,SOUTH-EASTERN ASIA,IDN,20478078.0,21201103.0,22058099.0,22512791.0,22234259.0,20550374.0,19563470.0,19746467.0,19650474.0,18844167.0,15304197.0,12950896.0,11050947.0,8286591.0,4935752.0,4053622.0,2280967.0,967794.0,307901.0,42888.0,5529.0,267026366.0,0.573,37.8,0.029,72.82,0.43,1.0,3196682000000.0,2983830,77583,10908.900000000001,283.6
770880,PAKISTAN,ASIA,SOUTHERN ASIA,PAK,29778193.0,28245207.0,26050219.0,23773611.0,21298570.0,18979815.0,16636153.0,14245798.0,12091648.0,10150106.0,8927907.0,7214091.0,5736558.0,4139271.0,2808436.0,1923304.0,1037243.0,374552.0,80029.0,9387.0,538.0,233500636.0,0.374,33.5,0.032,69.37,0.98,0.6,1015796000000.0,991727,22811,4489.599999999999,103.3
8358140,BRAZIL,AMERICA LATINA,SOUTH AMERICA,BRA,14309862.0,14719634.0,15668156.0,17007367.0,16997577.0,16401130.0,16852209.0,17196235.0,15700884.0,13911821.0,12737601.0,11427309.0,9286826.0,7231416.0,5250879.0,3485210.0,2117806.0,1005644.0,336958.0,65250.0,6199.0,211715973.0,0.873,53.9,0.095,74.98,2.16,2.1,3092216000000.0,19391845,542756,91230.20000000001,2553.4
910770,NIGERIA,AFRICA,WESTERN AFRICA,NGA,32867416.0,29467534.0,26911557.0,23851246.0,19530167.0,15584793.0,13470183.0,11892592.0,10028572.0,8081634.0,6437613.0,5028434.0,3813677.0,2876077.0,2065739.0,1265958.0,606377.0,202879.0,41245.0,4381.0,228.0,214028302.0,0.527,35.1,0.039,60.87,0.38,,1032048000000.0,169884,2128,824.0999999999999,10.3
130170,BANGLADESH,ASIA,SOUTHERN ASIA,BGD,14300676.0,14277217.0,14499332.0,14870280.0,15318140.0,13847840.0,12752878.0,11639991.0,10397171.0,9541909.0,8050121.0,6689387.0,5368294.0,4225952.0,3082714.0,2033117.0,1121967.0,477083.0,133196.0,21860.0,1728.0,162650853.0,0.389,32.4,0.023,74.43,0.58,0.8,775076000000.0,1136503,18498,6900.900000000001,112.30000000000001
16376870,RUSSIA,EUROPA,EASTERN EUROPE,RUS,7637530.0,8627222.0,8168156.0,7046736.0,6476110.0,8168157.0,12097170.0,11878173.0,10695407.0,9822977.0,8823480.0,10294200.0,9981827.0,8106547.0,5322828.0,2980521.0,3294269.0,1422930.0,720831.0,138949.0,18185.0,141722205.0,0.7490000000000001,37.5,0.053,72.16,3.75,8.1,3968180000000.0,6030240,150705,41321.6,1032.7
1943950,MEXICO,AMERICA LATINA,CENTRAL AMERICA,MEX,11223270.0,11170025.0,11067671.0,11002622.0,10829422.0,10483064.0,9973157.0,9042984.0,8435123.0,7996495.0,6897120.0,5885425.0,4777799.0,3426865.0,2546376.0,1850617.0,1188488.0,598357.0,209211.0,40960.0,4514.0,128649565.0,0.81,36.8,0.054000000000000006,76.94,2.38,1.5,2525481000000.0,2664444,236469,20665.4,1834.0
364555,JAPAN,ASIA,EASTERN ASIA,JPN,4790505.0,5270112.0,5610333.0,5746194.0,6143535.0,6122481.0,6530651.0,7454375.0,8239595.0,9449453.0,8387970.0,7721272.0,7413527.0,8359661.0,9119993.0,7181210.0,5378653.0,3782114.0,1992075.0,673178.0,140585.0,125507472.0,0.919,32.9,0.11,84.65,2.41,13.1,5231066000000.0,847614,15079,6701.799999999999,119.2
1000000,ETHIOPIA,AFRICA,EASTERN AFRICA,ETH,15855641.0,14395888.0,12787251.0,11338472.0,9709800.0,8599192.0,7582926.0,6515428.0,5282715.0,4229135.0,3378442.0,2690737.0,2093188.0,1551640.0,1056164.0,621029.0,299625.0,101881.0,21516.0,2354.0,126.0,108113150.0,0.222,35.0,0.033,67.9,0.08,0.3,248972000000.0,277877,4359,2417.1,37.9
298170,PHILIPPINES,ASIA,SOUTH-EASTERN ASIA,PHL,12092081.0,11791990.0,11508686.0,10894359.0,10029013.0,8964185.0,8143180.0,7380042.0,6481602.0,5343343.0,4492542.0,3746368.0,3003418.0,2253501.0,1454194.0,899257.0,472497.0,181075.0,43203.0,5863.0,416.0,109180815.0,0.477,44.4,0.044,70.32,0.6,1.0,963121000000.0,1517903,26844,13851.900000000001,245.0
995450,EGYPT,AFRICA,NORTHERN AFRICA,EGY,13510002.0,12047580.0,9444123.0,9193508.0,9562092.0,9394447.0,8295329.0,6633695.0,5755598.0,4918404.0,4411684.0,3562511.0,2770471.0,1958417.0,1273822.0,801728.0,403237.0,146848.0,36028.0,4626.0,290.0,104124440.0,0.429,31.5,0.05,74.01,0.45,1.4,1180890000000.0,283703,16446,2772.3,160.7
310070,VIETNAM,ASIA,SOUTH-EASTERN ASIA,VNM,7230008.0,7448117.0,7645657.0,7534468.0,7494107.0,8610599.0,8800086.0,8410216.0,7160467.0,6437665.0,5695962.0,5268568.0,4160423.0,2745003.0,1650119.0,1043185.0,762151.0,418921.0,163652.0,37043.0,4858.0,98721275.0,0.381,35.7,0.059,75.25,0.83,2.6,775669000000.0,65607,334,674.0,3.4000000000000004
2267050,DR CONGO,AFRICA,MIDDLE AFRICA,COD,18218457.0,15974604.0,13013293.0,10557592.0,9207935.0,7798366.0,6268160.0,5044705.0,4031659.0,3185869.0,2553606.0,1946541.0,1470155.0,1070488.0,734517.0,430874.0,194870.0,64297.0,12811.0,1390.0,74.0,101780263.0,0.462,42.1,0.033,61.43,0.07,,95291000000.0,46725,1018,521.7,11.399999999999999
769630,TURKEY,ASIA,WESTERN ASIA,TUR,6103912.0,6443321.0,6655087.0,6561482.0,6289396.0,6139156.0,6313104.0,6722290.0,6119702.0,5470766.0,4759042.0,4202299.0,3385525.0,2641932.0,1827729.0,1159399.0,723895.0,364069.0,117170.0,16955.0,1283.0,82017514.0,0.7659999999999999,41.9,0.041,75.96,1.85,2.8,2371374000000.0,5546166,50650,65760.3,600.6
1628550,IRAN,ASIA,SOUTHERN ASIA,IRN,7129219.0,6962185.0,6381468.0,5782851.0,5560744.0,7617982.0,8724849.0,8314210.0,6898920.0,5396027.0,4610434.0,3597370.0,2960124.0,2100044.0,1286720.0,790058.0,494379.0,237583.0,65934.0,11592.0,621.0,84923314.0,0.763,40.8,0.087,75.06,1.58,1.6,1027238000000.0,3548704,87374,42250.0,1040.3
348560,GERMANY,EUROPA,WESTERN EUROPE,DEU,3460896.0,3430925.0,3436892.0,3677824.0,4189059.0,4551949.0,5103606.0,4906098.0,4701761.0,5023693.0,6636638.0,6824744.0,5789166.0,4967012.0,3911232.0,3683372.0,3241912.0,1601991.0,749959.0,234078.0,36855.0,80159662.0,0.775,31.9,0.114,81.3,4.25,8.0,4482448000000.0,3748613,91416,45073.5,1099.2
510890,THAILAND,ASIA,SOUTH-EASTERN ASIA,THA,3722556.0,3765545.0,3858474.0,4186801.0,4795818.0,5192073.0,4790224.0,5274495.0,5586112.0,5390978.0,5285054.0,4837661.0,4137217.0,3032213.0,2109246.0,1416801.0,953769.0,468568.0,147061.0,24473.0,2261.0,68977400.0,0.522,36.4,0.038,77.41,0.81,2.1,1285287000000.0,439477,3610,6296.2,51.7
241930,UNITED KINGDOM,EUROPA,NORTHERN EUROPE,GBR,3899509.0,3876406.0,3819300.0,3589804.0,3963029.0,4381974.0,4549283.0,4314100.0,3956552.0,4233279.0,4652375.0,4533951.0,3840128.0,3257115.0,3256572.0,2288775.0,1619695.0,1001066.0,508625.0,181319.0,38260.0,65761117.0,0.8420000000000001,34.8,0.1,81.3,2.81,2.5,3118396000000.0,5519606,128823,81307.0,1897.6
547557,FRANCE,EUROPA,WESTERN EUROPE,FRA,4072165.0,4180021.0,4201899.0,4101665.0,3960254.0,3920974.0,4037397.0,4098391.0,3992369.0,4491352.0,4445286.0,4343289.0,4118547.0,3903382.0,3590194.0,2260466.0,1853166.0,1365111.0,682616.0,204726.0,24886.0,67848156.0,0.812,31.6,0.113,82.39,3.27,6.0,3097061000000.0,5770302,110534,88720.20000000001,1699.5
294140,ITALY,EUROPA,SOUTHERN EUROPE,ITA,2661512.0,2796052.0,2932599.0,2957462.0,3037704.0,3315948.0,3545863.0,3946177.0,4516718.0,5106839.0,5067833.0,4740561.0,3996755.0,3495503.0,3320370.0,2534457.0,2114250.0,1335855.0,688561.0,248544.0,43096.0,62402659.0,0.713,35.9,0.087,82.67,3.98,3.2,2562135000000.0,4293083,127884,71981.5,2144.2
885800,TANZANIA,AFRICA,EASTERN AFRICA,TZA,9242721.0,8254793.0,7504373.0,6554783.0,5381559.0,4432053.0,3810018.0,3236004.0,2708737.0,2069975.0,1491022.0,1146195.0,915773.0,706299.0,508899.0,327596.0,174535.0,68661.0,16513.0,2180.0,156.0,58552845.0,0.36,40.5,0.036000000000000004,69.9,0.01,0.7,149785000000.0,509,21,8.5,0.4
1213090,SOUTH AFRICA,AFRICA,SOUTHERN AFRICA,ZAF,5336576.0,5315208.0,5126224.0,4742237.0,4742687.0,5101818.0,5451676.0,4592001.0,3542289.0,2852710.0,2384140.0,2069529.0,1770361.0,1371036.0,966366.0,612496.0,332800.0,120868.0,28798.0,3566.0,231.0,56463617.0,0.6779999999999999,63.0,0.083,65.04,0.91,2.3,730913000000.0,2311232,67676,38969.5,1141.1
653290,MYANMAR,ASIA,SOUTH-EASTERN ASIA,MMR,4760881.0,4990500.0,4946821.0,4789859.0,4831675.0,4736446.0,4386918.0,4413155.0,3996304.0,3502107.0,3164523.0,2610544.0,2041753.0,1417579.0,926293.0,600527.0,318249.0,121825.0,29966.0,3896.0,250.0,56590071.0,0.314,30.7,0.048,69.62,0.68,1.0,277909000000.0,246663,5814,4533.4,106.89999999999999
569140,KENYA,AFRICA,EASTERN AFRICA,KEN,6949387.0,6892673.0,6881169.0,6058220.0,4888793.0,4029157.0,3832192.0,3567116.0,2923427.0,2106317.0,1609944.0,1232907.0,913600.0,672937.0,452397.0,284063.0,154624.0,61423.0,15375.0,2080.0,135.0,53527936.0,0.285,40.8,0.052000000000000005,69.32,0.16,1.4,227638000000.0,193807,3800,3604.3,70.7
97230,SOUTH KOREA,ASIA,EASTERN ASIA,KOR,2118262.0,2246735.0,2256407.0,2497773.0,3297114.0,3648408.0,3316667.0,3939603.0,3919414.0,4191968.0,4134493.0,4176836.0,3839693.0,2709446.0,2004455.0,1502437.0,1108107.0,611570.0,234789.0,68608.0,12325.0,51835110.0,0.8140000000000001,35.4,0.076,82.78,2.36,12.3,2211315000000.0,182265,2060,3555.1,40.199999999999996
1109500,COLOMBIA,AMERICA LATINA,SOUTH AMERICA,COL,3758083.0,3799412.0,3863052.0,3940464.0,4097827.0,4146772.0,3902618.0,3445038.0,3078514.0,3028373.0,3034624.0,2685175.0,2188703.0,1614217.0,1090339.0,700366.0,418290.0,204407.0,71484.0,15301.0,1782.0,49084841.0,0.8170000000000001,50.4,0.076,76.91,2.19,1.7,741099000000.0,4655921,116753,91502.70000000001,2294.5
498800,SPAIN,EUROPA,SOUTHERN EUROPE,ESP,2282517.0,2546567.0,2682523.0,2532968.0,2417034.0,2634015.0,3037298.0,3595090.0,4304196.0,4320421.0,3918859.0,3489159.0,3007744.0,2503177.0,2230549.0,1746958.0,1265963.0,945855.0,422256.0,115561.0,17082.0,50015792.0,0.8109999999999999,34.7,0.09,82.21,3.87,3.0,1925576000000.0,4189136,81148,88504.2,1714.4
199810,UGANDA,AFRICA,EASTERN AFRICA,UGA,8263798.0,6734072.0,5855919.0,4906246.0,3851683.0,3167823.0,2598274.0,1946744.0,1495303.0,1205228.0,936502.0,730304.0,529858.0,371537.0,288919.0,198954.0,113784.0,44183.0,12002.0,1725.0,108.0,43252966.0,0.256,42.8,0.065,68.58,0.17,0.5,96838000000.0,90910,2412,1987.5,52.699999999999996
2736690,ARGENTINA,AMERICA LATINA,SOUTH AMERICA,ARG,3651814.0,3703234.0,3568863.0,3515740.0,3390602.0,3352209.0,3287777.0,3216071.0,3170627.0,2683023.0,2298982.0,2137555.0,1985680.0,1760444.0,1408367.0,1030300.0,700481.0,402696.0,167972.0,41426.0,5255.0,45479118.0,0.922,41.4,0.096,78.07,3.99,5.0,991523000000.0,4769142,101955,105521.90000000001,2255.9
2381740,ALGERIA,AFRICA,NORTHERN AFRICA,DZA,4411359.0,4453376.0,3846205.0,3036987.0,2949353.0,3560644.0,3578817.0,3519511.0,3086863.0,2521873.0,2169847.0,1794179.0,1390423.0,1005956.0,689153.0,425679.0,286939.0,167387.0,61639.0,14318.0,2370.0,42972878.0,0.743,27.6,0.062,77.79,1.72,1.9,495564000000.0,154486,3956,3523.0,90.19999999999999
1765048,SUDAN,AFRICA,NORTHERN AFRICA,SDN,6949349.0,6262148.0,5930428.0,5358118.0,4182449.0,3311132.0,2833001.0,2343350.0,1955186.0,1717436.0,1459703.0,1091864.0,788457.0,554844.0,369435.0,236747.0,138220.0,60037.0,16867.0,2583.0,202.0,45561556.0,0.35600000000000004,34.2,0.045,66.79,0.26,0.7,168280000000.0,37138,2776,846.9,63.3
579320,UKRAINE,EUROPA,EASTERN EUROPE,UKR,2239984.0,2474130.0,2382900.0,1965716.0,2109227.0,2758456.0,3566574.0,3631612.0,3281131.0,3109572.0,2828318.0,3070423.0,3023757.0,2492020.0,1884451.0,1148159.0,1258483.0,419476.0,231348.0,44772.0,2430.0,43922939.0,0.698,26.1,0.077,73.18,2.99,7.5,538388000000.0,2245930,52769,51354.6,1206.6
434320,IRAQ,ASIA,WESTERN ASIA,IRQ,4885578.0,4896541.0,4609154.0,4140946.0,3565644.0,3019970.0,2895505.0,2532821.0,2120989.0,1786297.0,1478843.0,980748.0,663786.0,578632.0,349989.0,204654.0,104702.0,42581.0,13520.0,1697.0,58.0,38872655.0,0.711,29.5,0.041,72.9,0.71,1.3,427736000000.0,1501595,17892,37332.2,444.79999999999995
652860,AFGHANISTAN,ASIA,SOUTHERN ASIA,AFG,5672736.0,4897366.0,4314247.0,3878103.0,3910611.0,3178442.0,2486682.0,1855834.0,1586014.0,1343212.0,1070378.0,838803.0,630704.0,445808.0,286601.0,157984.0,66960.0,19523.0,3456.0,334.0,17.0,36643815.0,0.263,29.4,0.094,53.25,0.28,0.4,78557000000.0,142414,6266,3658.3999999999996,161.0
306230,POLAND,EUROPA,EASTERN EUROPE,POL,1794234.0,1929136.0,1952116.0,1773595.0,1978936.0,2437292.0,2796940.0,3276325.0,3098030.0,2717895.0,2261181.0,2366239.0,2733750.0,2514115.0,1864917.0,1029307.0,871301.0,552718.0,254968.0,70165.0,9165.0,38282325.0,0.601,29.7,0.063,78.53,2.38,6.6,1261433000000.0,2881718,75222,75918.3,1981.6999999999998
9093510,CANADA,AMERICA DO NORTE,NORTHERN AMERICA,CAN,1932416.0,2024762.0,2068783.0,1999964.0,2199113.0,2528120.0,2612321.0,2586870.0,2459936.0,2362461.0,2456583.0,2740883.0,2566449.0,2161388.0,1786512.0,1215414.0,836003.0,597474.0,346223.0,138081.0,74329.0,37694085.0,0.8170000000000001,33.3,0.108,83.62,2.31,2.5,1843053000000.0,1423889,26504,37726.799999999996,702.2
446300,MOROCCO,AFRICA,NORTHERN AFRICA,MAR,3180781.0,3242217.0,3191961.0,3044376.0,2839855.0,2738962.0,2777404.0,2630980.0,2327011.0,2112509.0,1865624.0,1668470.0,1413616.0,1020040.0,647521.0,447264.0,270514.0,111040.0,27592.0,3675.0,242.0,35561654.0,0.6409999999999999,39.5,0.053,73.56,0.73,1.0,279295000000.0,557632,9450,15107.7,256.0
2149690,SAUDI ARABIA,ASIA,WESTERN ASIA,SAU,2557037.0,2931599.0,2998436.0,2729005.0,2527554.0,2854615.0,3191645.0,3522052.0,3368604.0,2561510.0,1656081.0,1188049.0,845339.0,520487.0,317013.0,219668.0,116592.0,49957.0,15623.0,2429.0,203.0,34173498.0,0.845,45.9,0.064,76.4,2.61,2.2,1609323000000.0,510869,8089,14674.300000000001,232.3
425400,UZBEKISTAN,ASIA,CENTRAL ASIA,UZB,2426573.0,2352569.0,2309301.0,2410680.0,2672949.0,3074395.0,2994874.0,2509189.0,2058563.0,1793001.0,1531410.0,1469152.0,1168146.0,750761.0,408648.0,222238.0,240825.0,109969.0,50584.0,10371.0,1213.0,30565411.0,0.504,36.8,0.053,75.03,2.37,4.0,235021000000.0,121329,809,3625.1,24.2
1280000,PERU,AMERICA LATINA,SOUTH AMERICA,PER,2691803.0,2715409.0,2709319.0,2696236.0,2796182.0,2844794.0,2490911.0,2170852.0,2034870.0,1877823.0,1675504.0,1453299.0,1189004.0,946377.0,691473.0,473908.0,286069.0,127928.0,36678.0,6035.0,515.0,31914989.0,0.7829999999999999,42.8,0.052000000000000005,74.96,1.3,1.6,417690000000.0,2094445,195243,63522.200000000004,5921.5
1246700,ANGOLA,AFRICA,MIDDLE AFRICA,AGO,6064889.0,5193191.0,4298425.0,3391807.0,2668933.0,2246699.0,1913738.0,1605183.0,1338694.0,1082355.0,855412.0,652888.0,461878.0,304119.0,204489.0,138964.0,70944.0,24129.0,5005.0,565.0,32.0,32522339.0,0.675,51.3,0.026,61.71,0.22,,212285000000.0,41061,970,1249.3000000000002,29.5
328550,MALAYSIA,ASIA,SOUTH-EASTERN ASIA,MYS,2938839.0,2916715.0,2895689.0,2816000.0,2614430.0,2509470.0,2402301.0,2364330.0,2212338.0,2020742.0,1833421.0,1594238.0,1282080.0,931614.0,601921.0,370538.0,210367.0,96553.0,32039.0,7407.0,1051.0,32652083.0,0.777,41.0,0.038,75.87,1.54,1.9,906239000000.0,939899,7241,29039.699999999997,223.70000000000002
786380,MOZAMBIQUE,AFRICA,EASTERN AFRICA,MOZ,5173526.0,4656001.0,3887646.0,3256912.0,2735544.0,2223567.0,1843574.0,1550797.0,1217002.0,960642.0,717534.0,555602.0,439282.0,339634.0,248011.0,164883.0,87937.0,32465.0,6897.0,707.0,34.0,30098197.0,0.376,54.0,0.08199999999999999,56.49,0.08,0.7,38910000000.0,102009,1158,3263.7,37.0
227540,GHANA,AFRICA,WESTERN AFRICA,GHA,4029284.0,3664007.0,3292584.0,2909316.0,2560766.0,2246492.0,2052724.0,1837652.0,1520856.0,1296147.0,1100073.0,863727.0,664547.0,506475.0,353363.0,232708.0,133591.0,57422.0,15924.0,2386.0,204.0,29340248.0,0.58,43.5,0.035,69.01,0.14,0.9,164640000000.0,99734,817,3209.7000000000003,26.299999999999997
527970,YEMEN,ASIA,WESTERN ASIA,YEM,3758893.0,3795528.0,3715415.0,3410349.0,2994543.0,2599797.0,2280596.0,1950702.0,1560332.0,1007605.0,723791.0,664005.0,543719.0,374078.0,247440.0,144841.0,73039.0,29790.0,8465.0,1366.0,111.0,29884405.0,0.385,36.7,0.056,67.18,0.53,0.7,73630000000.0,6987,1370,234.3,45.9
143350,NEPAL,ASIA,SOUTHERN ASIA,NPL,2745826.0,2860090.0,2994512.0,3135690.0,3211584.0,2885557.0,2229752.0,1888714.0,1747975.0,1586564.0,1300356.0,1104711.0,909485.0,708349.0,484517.0,301072.0,159588.0,58679.0,13098.0,1667.0,91.0,30327877.0,0.21,32.8,0.058,72.12,0.75,0.3,97749000000.0,672871,9637,23093.5,330.79999999999995
882050,VENEZUELA,AMERICA LATINA,SOUTH AMERICA,VEN,2480367.0,2464853.0,2405957.0,2329970.0,2294015.0,2330406.0,2288701.0,2145946.0,1872185.0,1680880.0,1500700.0,1359914.0,1148801.0,915336.0,623138.0,380965.0,245174.0,122521.0,46669.0,7480.0,625.0,28644603.0,0.883,39.0,0.036000000000000004,72.22,,0.9,269068000000.0,293866,3392,10334.300000000001,119.3
581795,MADAGASCAR,AFRICA,EASTERN AFRICA,MDG,3780648.0,3507389.0,3186837.0,2839110.0,2568163.0,2259668.0,1884282.0,1551376.0,1276441.0,1037105.0,890966.0,701648.0,537031.0,386244.0,265058.0,155140.0,82722.0,35446.0,9118.0,1259.0,86.0,26955737.0,0.392,42.6,0.048,67.86,0.18,0.2,44419000000.0,42621,941,1539.1999999999998,34.0
472710,CAMEROON,AFRICA,MIDDLE AFRICA,CMR,4448648.0,3855060.0,3444158.0,2995828.0,2563421.0,2221858.0,1879021.0,1512017.0,1192190.0,936502.0,759046.0,602146.0,471426.0,354180.0,246636.0,152297.0,76538.0,27287.0,5981.0,709.0,40.0,27744989.0,0.581,46.5,0.035,62.79,0.09,1.3,94248000000.0,81467,1330,3068.8999999999996,50.099999999999994
318000,COTE D'IVOIRE,AFRICA,WESTERN AFRICA,CIV,3671905.0,3467353.0,3448932.0,2993329.0,2560057.0,2274896.0,2059373.0,1675951.0,1426113.0,1204642.0,945268.0,534935.0,435125.0,342566.0,232462.0,128374.0,58103.0,18059.0,3311.0,316.0,16.0,27481086.0,0.522,41.5,0.042,61.8,0.23,,134048000000.0,49288,322,1868.5,12.2
120410,NORTH KOREA,ASIA,EASTERN ASIA,PRK,1799113.0,1730069.0,1719514.0,1829568.0,1934322.0,2049859.0,1886883.0,1732137.0,1559759.0,1956368.0,2098474.0,1579971.0,1292314.0,697730.0,775627.0,538660.0,309136.0,118564.0,30622.0,4499.0,277.0,25643466.0,,,,,,,,0,0,0.0,0.0
7682300,AUSTRALIA,OCEANIA,AUSTRALIA AND NEW ZEALAND,AUS,1573566.0,1613045.0,1580513.0,1532917.0,1750130.0,1909110.0,1852540.0,1788398.0,1670366.0,1708282.0,1551185.0,1499262.0,1392388.0,1231459.0,1080789.0,734347.0,493015.0,293653.0,154288.0,48951.0,8255.0,25466459.0,0.8640000000000001,34.4,0.093,82.89,3.68,3.8,1264514000000.0,32129,915,1260.0,35.9
1266700,NIGER,AFRICA,WESTERN AFRICA,NER,4585129.0,3746737.0,3187051.0,2586965.0,1965990.0,1453092.0,1144194.0,931675.0,755681.0,594549.0,487396.0,406622.0,315984.0,229784.0,172126.0,117142.0,61809.0,23380.0,6213.0,797.0,45.0,22772361.0,0.168,34.3,0.073,59.7,0.04,0.4,28544000000.0,5594,194,231.1,8.0
62710,SRI LANKA,ASIA,SOUTHERN ASIA,LKA,1666985.0,1776880.0,1844964.0,1760193.0,1576650.0,1640505.0,1590394.0,1732907.0,1661616.0,1435753.0,1369768.0,1266147.0,1132390.0,876363.0,674066.0,414329.0,261186.0,141109.0,54085.0,11532.0,1379.0,22889201.0,0.189,39.8,0.038,77.75,1.0,4.2,285141000000.0,287973,3813,13448.4,178.1
273600,BURKINA FASO,AFRICA,WESTERN AFRICA,BFA,3350869.0,3057215.0,2672217.0,2357050.0,1878175.0,1609418.0,1382450.0,1157530.0,866007.0,593093.0,508049.0,416967.0,327466.0,252009.0,175194.0,124205.0,65897.0,32708.0,7677.0,1124.0,81.0,20835401.0,0.312,35.3,0.056,63.06,0.09,0.4,44266000000.0,13537,169,647.6,8.100000000000001
1220190,MALI,AFRICA,WESTERN AFRICA,MLI,3609399.0,3123948.0,2592459.0,2082784.0,1631570.0,1324457.0,1097349.0,921962.0,781494.0,594355.0,482779.0,396837.0,323043.0,231821.0,166369.0,109675.0,57023.0,20565.0,4874.0,598.0,36.0,19553397.0,0.447,40.1,0.039,62.01,0.13,0.1,45637000000.0,14523,530,717.2,26.200000000000003
230170,ROMANIA,EUROPA,EASTERN EUROPE,ROU,936303.0,1014281.0,1058312.0,1061563.0,1134251.0,1224252.0,1685171.0,1617636.0,1884654.0,1729326.0,1713255.0,1146410.0,1352452.0,1249121.0,930005.0,628673.0,529591.0,282801.0,102233.0,20945.0,1658.0,21302893.0,0.5429999999999999,36.0,0.056,76.3,2.98,6.9,579549000000.0,1081875,34260,55972.1,1772.5
94280,MALAWI,AFRICA,EASTERN AFRICA,MWI,3773032.0,3201263.0,2747795.0,2342959.0,2004397.0,1617180.0,1284592.0,1086893.0,848559.0,627086.0,462821.0,352750.0,279145.0,222164.0,166310.0,102197.0,51459.0,19998.0,5306.0,682.0,41.0,21196629.0,0.177,44.7,0.093,72.16,0.04,1.3,19741000000.0,44684,1363,2335.8,71.2
743532,CHILE,AMERICA LATINA,SOUTH AMERICA,CHL,1196495.0,1208869.0,1194000.0,1180848.0,1336100.0,1441850.0,1409695.0,1310889.0,1160480.0,1194348.0,1225843.0,1199820.0,979251.0,732156.0,558911.0,406518.0,250025.0,129681.0,56250.0,12637.0,2104.0,18186770.0,0.878,44.4,0.091,79.57,2.59,2.1,459134000000.0,1601858,34569,83795.8,1808.4
2699700,KAZAKHSTAN,ASIA,CENTRAL ASIA,KAZ,1625476.0,1737119.0,1626088.0,1250083.0,1225328.0,1549496.0,1672632.0,1447353.0,1228765.0,1155388.0,1009399.0,1051230.0,904873.0,665341.0,386298.0,222259.0,230869.0,62285.0,34802.0,6074.0,791.0,19091949.0,0.578,27.5,0.029,72.25,3.98,6.1,487868000000.0,536089,8173,28550.7,435.3
743390,ZAMBIA,AFRICA,EASTERN AFRICA,ZMB,3092857.0,2628833.0,2248413.0,1890158.0,1601246.0,1334942.0,1094554.0,910445.0,758878.0,551439.0,396163.0,295869.0,227928.0,151843.0,114520.0,71521.0,39539.0,13981.0,3107.0,367.0,20.0,17426623.0,0.452,57.1,0.049,65.92,1.19,2.0,61985000000.0,187602,3138,10204.7,170.7
107160,GUATEMALA,AMERICA LATINA,CENTRAL AMERICA,GTM,1979293.0,1955811.0,1842473.0,1721583.0,1667693.0,1529930.0,1305838.0,1091518.0,941583.0,786365.0,597515.0,510738.0,417422.0,323370.0,225952.0,142221.0,71697.0,30897.0,9682.0,1583.0,124.0,17153288.0,0.522,48.3,0.057,72.63,0.36,0.4,143416000000.0,334375,9927,18663.9,554.0999999999999
248360,ECUADOR,AMERICA LATINA,SOUTH AMERICA,ECU,1431557.0,1453240.0,1479662.0,1498273.0,1511494.0,1415380.0,1329161.0,1208792.0,1091404.0,939880.0,829295.0,730553.0,608924.0,484215.0,349668.0,250776.0,161457.0,87219.0,34475.0,8328.0,1114.0,16904867.0,0.644,45.4,0.081,77.76,2.04,1.4,197631000000.0,476312,21958,26997.1,1244.6
183630,SYRIA,ASIA,WESTERN ASIA,SYR,2305799.0,2181851.0,2005866.0,1886145.0,1866322.0,1546842.0,1506789.0,1431363.0,1096856.0,882746.0,773241.0,620233.0,430165.0,312963.0,250476.0,172699.0,83756.0,34122.0,8852.0,1268.0,94.0,19398448.0,0.561,,,74.01,1.29,1.4,50280000000.0,25834,1905,1476.2,108.9
33720,NETHERLANDS,EUROPA,WESTERN EUROPE,NLD,932505.0,919531.0,932405.0,1011182.0,1046581.0,1106109.0,1094210.0,1029143.0,1006772.0,1140800.0,1270268.0,1245841.0,1120429.0,994731.0,949134.0,628606.0,431691.0,259370.0,118955.0,36410.0,5724.0,17280397.0,0.926,28.5,0.1,81.95,3.61,3.3,986847000000.0,1814143,17783,104215.7,1021.5999999999999
192530,SENEGAL,AFRICA,WESTERN AFRICA,SEN,2304875.0,2112687.0,1937003.0,1719188.0,1483792.0,1281570.0,1089082.0,896794.0,712490.0,571264.0,476922.0,379293.0,283119.0,202528.0,136860.0,84060.0,43664.0,16636.0,3982.0,524.0,35.0,15736368.0,0.486,40.3,0.04,63.83,0.07,0.3,55324000000.0,53573,1236,3199.5,73.8
176520,CAMBODIA,ASIA,SOUTH-EASTERN ASIA,KHM,1747729.0,1716864.0,1643453.0,1504661.0,1420892.0,1629403.0,1596405.0,1385334.0,797323.0,823177.0,795001.0,664692.0,424575.0,323127.0,215809.0,131481.0,71401.0,27613.0,7067.0,929.0,48.0,16926984.0,0.247,37.9,0.06,66.27,0.19,1.9,72356000000.0,68796,1149,4114.8,68.7
1259200,CHAD,AFRICA,MIDDLE AFRICA,TCD,3068725.0,2650242.0,2285951.0,1885424.0,1451488.0,1189509.0,1120671.0,821188.0,595092.0,478564.0,374647.0,304550.0,241561.0,177018.0,118951.0,68317.0,31828.0,10890.0,2418.0,304.0,19.0,16877357.0,0.238,43.3,0.041,58.73,0.04,,25190000000.0,4965,174,302.3,10.600000000000001
627340,SOMALIA,AFRICA,EASTERN AFRICA,SOM,1915790.0,1633915.0,1432426.0,1266081.0,1062766.0,844146.0,778818.0,614904.0,507325.0,482742.0,408325.0,316075.0,226382.0,118697.0,70176.0,45908.0,22876.0,7927.0,1638.0,194.0,13.0,11757124.0,0.467,,,55.32,0.02,0.9,20440000000.0,15123,781,951.5,49.1
386850,ZIMBABWE,AFRICA,EASTERN AFRICA,ZWE,2164084.0,1794428.0,1615105.0,1565045.0,1367105.0,1277408.0,1154428.0,992716.0,639598.0,433686.0,293529.0,300340.0,290990.0,229079.0,159779.0,119613.0,92610.0,45077.0,10330.0,1280.0,84.0,14546314.0,0.32299999999999995,44.3,0.047,62.83,0.21,1.7,41533000000.0,88415,2747,5948.7,184.8
245720,GUINEA,AFRICA,WESTERN AFRICA,GIN,1991347.0,1687997.0,1481795.0,1313093.0,1106927.0,931140.0,799127.0,679590.0,573007.0,479960.0,401294.0,329393.0,263475.0,198819.0,141454.0,87190.0,43265.0,15023.0,3178.0,347.0,19.0,12527440.0,0.373,33.7,0.039,63.53,0.08,0.3,32720000000.0,24765,194,1885.6999999999998,14.8
24670,RWANDA,AFRICA,EASTERN AFRICA,RWA,1749097.0,1731196.0,1598593.0,1364369.0,1190432.0,977943.0,1022939.0,843567.0,602716.0,417716.0,337880.0,301750.0,237875.0,160424.0,89391.0,48478.0,25650.0,9859.0,2259.0,280.0,17.0,12712431.0,0.17600000000000002,43.7,0.075,65.48,0.13,,28118000000.0,59141,677,4566.1,52.300000000000004
112760,BENIN,AFRICA,WESTERN AFRICA,BEN,2347789.0,1916961.0,1596725.0,1408273.0,1211060.0,976638.0,781607.0,639478.0,542944.0,453008.0,277393.0,222235.0,182740.0,130315.0,88137.0,52911.0,25099.0,8944.0,2081.0,276.0,20.0,12864634.0,0.49,47.8,0.025,61.82,0.08,0.5,38794000000.0,8244,107,680.0,8.8
25680,BURUNDI,AFRICA,EASTERN AFRICA,BDI,1929984.0,1717294.0,1553187.0,1286550.0,1058274.0,872225.0,742955.0,618791.0,501759.0,401062.0,325360.0,272252.0,222967.0,167759.0,96337.0,54142.0,30300.0,11720.0,2572.0,312.0,19.0,11865821.0,0.141,38.6,0.077,67.07,0.1,0.8,8667000000.0,5996,8,504.3,0.7000000000000001
155360,TUNISIA,AFRICA,NORTHERN AFRICA,TUN,1002851.0,1072373.0,887967.0,765776.0,746443.0,877523.0,939755.0,934342.0,845323.0,733966.0,691177.0,639348.0,546273.0,412112.0,261235.0,175286.0,114832.0,57130.0,14968.0,2324.0,173.0,11721177.0,0.6990000000000001,32.8,0.073,76.57,1.3,2.2,125783000000.0,546233,17527,46218.0,1483.0
1083300,BOLIVIA,AMERICA LATINA,SOUTH AMERICA,BOL,1174795.0,1175518.0,1181177.0,1161456.0,1074727.0,1017415.0,949193.0,837110.0,689170.0,561532.0,447564.0,383299.0,322050.0,250044.0,182603.0,118591.0,64570.0,33222.0,12847.0,2716.0,310.0,11639909.0,0.705,42.2,0.063,70.7,1.59,1.3,100445000000.0,463125,17475,39674.8,1497.0
30280,BELGIUM,EUROPA,WESTERN EUROPE,BEL,661427.0,676101.0,680479.0,643229.0,669640.0,740645.0,769857.0,774781.0,756686.0,765130.0,791128.0,804693.0,735663.0,636613.0,559089.0,384824.0,318057.0,214527.0,101541.0,31985.0,4621.0,11720716.0,0.981,27.4,0.103,81.65,3.07,5.7,596414000000.0,1108675,25213,96218.79999999999,2188.2
27560,HAITI,AMERICA LATINA,CARIBBEAN,HTI,1149694.0,1139488.0,1165345.0,1155468.0,1136386.0,1033741.0,895336.0,754894.0,626003.0,522135.0,423394.0,331279.0,254935.0,193205.0,138009.0,86532.0,43125.0,15010.0,3383.0,389.0,26.0,11067777.0,0.58,41.1,0.077,65.61,0.23,0.7,32724000000.0,19563,510,1715.6999999999998,44.699999999999996
106440,CUBA,AMERICA LATINA,CARIBBEAN,CUB,591233.0,629512.0,586217.0,635234.0,670403.0,687303.0,795582.0,711815.0,590779.0,867151.0,986843.0,937108.0,622791.0,499799.0,447583.0,356843.0,241152.0,128056.0,54701.0,15889.0,3068.0,11059062.0,0.773,,0.112,79.41,8.42,5.3,137000000000.0,294449,2019,25996.199999999997,178.29999999999998
610952,SOUTH SUDAN,AFRICA,EASTERN AFRICA,SSD,1664280.0,1448589.0,1278350.0,1236966.0,1010710.0,803471.0,656024.0,589447.0,481569.0,393988.0,314972.0,237193.0,178253.0,107448.0,77661.0,47998.0,22608.0,9074.0,2135.0,293.0,215.0,10561244.0,0.205,46.0,0.064,58.6,,,20010000000.0,10917,117,975.3,10.5
48320,DOMINICAN REPUBLIC,AMERICA LATINA,CARIBBEAN,DOM,943709.0,937740.0,937704.0,964821.0,940797.0,888532.0,821472.0,737591.0,651116.0,596776.0,561561.0,484618.0,372932.0,269569.0,186790.0,114295.0,60424.0,22808.0,5777.0,633.0,42.0,10499707.0,0.8320000000000001,43.7,0.057,72.28,1.53,1.6,197735000000.0,337975,3928,31155.8,362.1
77240,CZECH REPUBLIC (CZECHIA),EUROPA,EASTERN EUROPE,CZE,497537.0,545038.0,581200.0,491013.0,493162.0,647798.0,729977.0,768175.0,920079.0,873103.0,693541.0,660821.0,636284.0,674264.0,610478.0,415493.0,239389.0,145010.0,62450.0,16128.0,1558.0,10702498.0,0.742,24.9,0.077,79.5,4.12,6.6,435987000000.0,1671685,30342,156320.8,2837.3
128900,GREECE,EUROPA,SOUTHERN EUROPE,GRC,455883.0,512624.0,572320.0,535949.0,561004.0,562422.0,609028.0,679315.0,773896.0,788467.0,787310.0,711829.0,677511.0,613839.0,567976.0,451884.0,398497.0,241218.0,87440.0,16757.0,1882.0,10607051.0,0.8,34.4,0.077,81.28,5.48,4.2,319334000000.0,463473,12867,43240.200000000004,1200.4
88780,JORDAN,ASIA,WESTERN ASIA,JOR,1189896.0,1215145.0,1171590.0,1111006.0,1028373.0,944179.0,837147.0,727304.0,631486.0,555487.0,458721.0,330221.0,223239.0,151196.0,110682.0,75089.0,40255.0,15466.0,3597.0,525.0,40.0,10820644.0,0.916,33.7,0.078,75.75,2.32,1.5,101738000000.0,761225,9896,74607.0,969.9
91590,PORTUGAL,EUROPA,SOUTHERN EUROPE,PRT,424788.0,443596.0,530300.0,560618.0,566578.0,558687.0,596960.0,703887.0,833685.0,840087.0,741132.0,697735.0,649524.0,596172.0,527241.0,401746.0,307561.0,196072.0,93064.0,28381.0,4860.0,10302674.0,0.6679999999999999,33.8,0.094,81.29,5.12,3.4,358344000000.0,935246,17219,90836.7,1672.4
82658,AZERBAIJAN,ASIA,WESTERN ASIA,AZE,758476.0,792792.0,779332.0,645219.0,698993.0,927568.0,944724.0,800433.0,672668.0,634572.0,642478.0,652196.0,511986.0,303877.0,170793.0,88989.0,110510.0,49546.0,17472.0,2872.0,314.0,10205810.0,0.568,33.7,0.035,73.88,3.45,4.8,144374000000.0,338837,4994,33418.6,492.5
410340,SWEDEN,EUROPA,NORTHERN EUROPE,SWE,613263.0,601429.0,591749.0,551756.0,549818.0,699029.0,714570.0,642543.0,619579.0,648525.0,655362.0,647496.0,566820.0,537647.0,542692.0,472360.0,283919.0,162277.0,76245.0,21701.0,3711.0,10202491.0,0.882,28.8,0.109,82.6,3.98,2.2,547595000000.0,1095279,14650,106053.70000000001,1418.5
111890,HONDURAS,AMERICA LATINA,CENTRAL AMERICA,HND,869419.0,928146.0,991291.0,1010173.0,931972.0,812356.0,695770.0,624970.0,547713.0,449299.0,359932.0,282861.0,232399.0,182695.0,134295.0,90449.0,55997.0,26175.0,7911.0,1397.0,120.0,9235340.0,0.59,52.1,0.071,74.9,0.31,0.6,55825000000.0,281604,7482,28431.6,755.4000000000001
83600,UNITED ARAB EMIRATES,ASIA,WESTERN ASIA,ARE,497766.0,493628.0,452428.0,390576.0,402979.0,638955.0,1076430.0,1580140.0,1531406.0,1130726.0,839948.0,512948.0,254794.0,111741.0,48653.0,17993.0,7234.0,2639.0,882.0,187.0,30.0,9992083.0,0.873,32.5,0.042,79.37,2.53,1.4,655789000000.0,662486,1900,66982.70000000001,192.10000000000002
90530,HUNGARY,EUROPA,EASTERN EUROPE,HUN,441469.0,475101.0,504711.0,499834.0,519487.0,607659.0,624279.0,646258.0,821802.0,767122.0,653307.0,559095.0,629888.0,656233.0,501843.0,379948.0,250556.0,147757.0,64144.0,18463.0,2871.0,9771827.0,0.722,30.6,0.067,76.95,3.41,7.0,321869000000.0,808945,30019,82802.90000000001,3072.7
139960,TAJIKISTAN,ASIA,CENTRAL ASIA,TJK,945359.0,946108.0,897249.0,813580.0,795309.0,800654.0,809635.0,655311.0,520894.0,445727.0,368616.0,323020.0,230220.0,147027.0,72959.0,49015.0,35493.0,14195.0,3014.0,276.0,8.0,8873669.0,0.277,34.0,0.07200000000000001,69.06,2.1,4.7,31502000000.0,14630,115,1533.8999999999999,12.1
202910,BELARUS,EUROPA,EASTERN EUROPE,BLR,481853.0,528159.0,514592.0,446140.0,463048.0,602989.0,785650.0,790209.0,702834.0,669977.0,612899.0,693627.0,675675.0,517205.0,368982.0,218578.0,225053.0,115980.0,52491.0,10962.0,1015.0,9477918.0,0.799,25.2,0.056,74.01,5.19,10.8,181286000000.0,435620,3344,46100.7,353.9
82409,AUSTRIA,EUROPA,WESTERN EUROPE,AUT,420152.0,413284.0,407432.0,427896.0,490273.0,583286.0,590623.0,600224.0,556109.0,617136.0,715995.0,699421.0,577310.0,462401.0,411627.0,366920.0,262735.0,146758.0,76790.0,28538.0,4539.0,8859449.0,0.59,29.7,0.103,82.07,5.17,7.4,498780000000.0,649913,10521,73015.20000000001,1182.0
452860,PAPUA NEW GUINEA,OCEANIA,MELANESIA,PNG,783951.0,772129.0,765817.0,746997.0,695620.0,611001.0,522889.0,452259.0,464057.0,380287.0,304553.0,240826.0,182420.0,139305.0,96643.0,56356.0,30215.0,10976.0,2766.0,368.0,21.0,7259456.0,0.135,50.9,0.024,69.86,0.07,,38218000000.0,17524,192,1958.6000000000001,21.5
87460,SERBIA,EUROPA,SOUTHERN EUROPE,SRB,314810.0,329822.0,341857.0,385519.0,388634.0,431681.0,467775.0,502501.0,513489.0,499149.0,473994.0,479519.0,481025.0,493600.0,353581.0,222949.0,180571.0,105919.0,37842.0,7379.0,549.0,7012165.0,0.5670000000000001,36.2,0.085,76.56,3.11,5.6,126625000000.0,719006,7088,103802.0,1023.3
21640,ISRAEL,ASIA,WESTERN ASIA,ISR,754690.0,804033.0,762461.0,705286.0,654577.0,609137.0,583758.0,558762.0,538539.0,501237.0,436228.0,381309.0,347662.0,324876.0,266382.0,173802.0,124989.0,86547.0,43823.0,14736.0,2641.0,8675475.0,0.927,37.0,0.075,83.15,4.63,3.0,394700000000.0,854981,6452,98778.5,745.4000000000001
39516,SWITZERLAND,EUROPA,WESTERN EUROPE,CHE,438889.0,434164.0,416454.0,411043.0,461861.0,523936.0,583388.0,608920.0,585857.0,589715.0,642370.0,621672.0,511527.0,426626.0,390144.0,313818.0,214772.0,142961.0,65550.0,18044.0,2283.0,8403994.0,0.74,32.7,0.119,83.03,4.3,4.7,588472000000.0,707076,10322,81699.3,1192.7
54390,TOGO,AFRICA,WESTERN AFRICA,TGO,1265616.0,1140780.0,1013501.0,879361.0,758703.0,700570.0,629590.0,521256.0,415147.0,330587.0,265784.0,213004.0,167167.0,125634.0,87521.0,53755.0,27188.0,10290.0,2582.0,379.0,29.0,8608444.0,0.434,43.1,0.062,70.99,0.08,0.7,12904000000.0,14769,140,1784.0,16.9
72180,SIERRA LEONE,AFRICA,WESTERN AFRICA,SLE,1033694.0,906948.0,800837.0,681417.0,565859.0,500579.0,453117.0,371937.0,309212.0,262731.0,236111.0,153297.0,104100.0,94019.0,72559.0,46296.0,23034.0,7466.0,1545.0,167.0,8.0,6624933.0,0.434,35.7,0.161,60.19,0.03,,13425000000.0,6198,116,777.0,14.5
230800,LAOS,ASIA,SOUTH-EASTERN ASIA,LAO,790859.0,774021.0,762144.0,785302.0,748952.0,690462.0,600055.0,505543.0,410878.0,350340.0,294319.0,226947.0,199863.0,125315.0,86017.0,54459.0,28290.0,10812.0,2495.0,304.0,19.0,7447396.0,0.369,36.4,0.023,66.0,0.37,1.5,56110000000.0,3710,5,509.90000000000003,0.7000000000000001
397300,PARAGUAY,AMERICA LATINA,SOUTH AMERICA,PRY,566849.0,546179.0,570745.0,605928.0,667997.0,681136.0,613524.0,524206.0,457650.0,421846.0,367181.0,322677.0,279313.0,205578.0,146530.0,104442.0,60744.0,32341.0,13171.0,3208.0,440.0,7191685.0,0.625,46.2,0.067,78.13,1.35,0.8,89362000000.0,445565,14340,62469.3,2010.5
108560,BULGARIA,EUROPA,EASTERN EUROPE,BGR,301038.0,337105.0,373553.0,330700.0,323847.0,386638.0,489440.0,521746.0,571106.0,535678.0,482065.0,460198.0,456219.0,436012.0,398028.0,265549.0,175753.0,94682.0,24235.0,3172.0,135.0,6966899.0,0.76,40.4,0.07400000000000001,75.3,4.03,7.5,161654000000.0,423223,18184,60882.399999999994,2615.7999999999997
1759540,LIBYA,AFRICA,NORTHERN AFRICA,LBY,806771.0,819231.0,692837.0,549673.0,498300.0,488309.0,543005.0,554158.0,524934.0,427079.0,327062.0,227194.0,153279.0,100147.0,81604.0,49049.0,29643.0,13657.0,3940.0,615.0,48.0,6890535.0,0.81,,,76.93,2.09,3.2,102842000000.0,224920,3299,32733.3,480.09999999999997
10230,LEBANON,ASIA,WESTERN ASIA,LBN,337277.0,381740.0,416173.0,411728.0,407368.0,434703.0,466529.0,471722.0,439906.0,395685.0,344978.0,293350.0,232973.0,160739.0,90332.0,82126.0,65536.0,27861.0,7648.0,1162.0,76.0,5469612.0,0.8909999999999999,31.8,0.084,78.53,2.1,2.7,99761000000.0,550942,7885,80718.8,1155.2
120340,NICARAGUA,AMERICA LATINA,CENTRAL AMERICA,NIC,519489.0,521797.0,548429.0,591994.0,618535.0,645343.0,519370.0,459410.0,388954.0,328701.0,288957.0,234596.0,176761.0,134486.0,95048.0,66550.0,40082.0,18400.0,5619.0,865.0,55.0,6203441.0,0.593,46.2,0.086,74.51,0.98,0.9,35392000000.0,7313,194,1103.9,29.3
191800,KYRGYZSTAN,ASIA,CENTRAL ASIA,KGZ,614857.0,619476.0,578259.0,464992.0,471527.0,520157.0,523589.0,439617.0,340275.0,296931.0,266774.0,261419.0,221055.0,151721.0,85314.0,36628.0,45898.0,17881.0,7433.0,1024.0,70.0,5964897.0,0.371,27.7,0.065,72.07,2.21,4.4,33918000000.0,152709,2205,23406.6,338.0
20720,EL SALVADOR,AMERICA LATINA,CENTRAL AMERICA,SLV,587438.0,553284.0,533617.0,577321.0,642548.0,612513.0,515764.0,443362.0,403031.0,349597.0,301441.0,258900.0,209590.0,169430.0,130794.0,93964.0,58117.0,28848.0,9666.0,1722.0,155.0,6481102.0,0.741,38.6,0.071,75.11,1.57,1.2,56636000000.0,82852,2508,12773.599999999999,386.70000000000005
469930,TURKMENISTAN,ASIA,CENTRAL ASIA,TKM,490729.0,471073.0,444681.0,437347.0,473688.0,534223.0,519175.0,431442.0,361901.0,317658.0,276209.0,262618.0,210555.0,136342.0,75627.0,35642.0,32838.0,12113.0,4133.0,585.0,48.0,5528627.0,0.53,40.8,0.066,71.54,2.23,4.0,86858000000.0,0,0,0.0,0.0
700,SINGAPORE,ASIA,SOUTH-EASTERN ASIA,SGP,272104.0,253646.0,268898.0,369899.0,561967.0,656044.0,652438.0,583354.0,459679.0,421388.0,377029.0,345888.0,310944.0,244844.0,180579.0,97927.0,73455.0,44788.0,23165.0,8719.0,2905.0,6209660.0,1.0,45.9,0.045,86.19,2.29,2.5,555193000000.0,63440,36,10843.800000000001,6.2
42430,DENMARK,EUROPA,NORTHERN EUROPE,DNK,317657.0,306280.0,339874.0,346052.0,377482.0,402554.0,366510.0,336073.0,361996.0,396156.0,408718.0,394797.0,346690.0,319762.0,320859.0,248291.0,150839.0,80206.0,35730.0,11063.0,1821.0,5869410.0,0.882,28.7,0.101,81.45,4.01,2.6,336335000000.0,307764,2542,52855.299999999996,436.59999999999997
303890,FINLAND,EUROPA,NORTHERN EUROPE,FIN,297576.0,305763.0,310886.0,298216.0,311680.0,353424.0,350102.0,361989.0,348532.0,316670.0,351154.0,367603.0,357694.0,355085.0,350318.0,221071.0,158318.0,94953.0,45704.0,12934.0,1993.0,5571665.0,0.856,27.4,0.09,81.55,3.81,3.3,268662000000.0,100773,978,18238.5,177.0
341500,CONGO,AFRICA,MIDDLE AFRICA,COG,792757.0,739896.0,667563.0,489832.0,417353.0,382260.0,345400.0,321134.0,289771.0,244110.0,190380.0,140161.0,102856.0,70908.0,46183.0,28661.0,15979.0,6168.0,1479.0,204.0,15.0,5293070.0,0.6829999999999999,48.9,0.021,61.69,0.17,,19763000000.0,13050,176,2365.0,31.9
48088,SLOVAKIA,EUROPA,EASTERN EUROPE,SVK,260160.0,281217.0,281931.0,260717.0,286405.0,353270.0,399938.0,427954.0,458612.0,425023.0,362412.0,356638.0,358938.0,331729.0,238939.0,158191.0,104447.0,59149.0,26293.0,7647.0,992.0,5440602.0,0.5379999999999999,25.2,0.067,78.07,3.42,5.8,178513000000.0,392185,12534,71856.7,2296.5
365268,NORWAY,EUROPA,NORTHERN EUROPE,NOR,331178.0,324653.0,326083.0,314756.0,342561.0,377463.0,389474.0,365105.0,349306.0,372995.0,373776.0,337486.0,309777.0,277841.0,260172.0,182037.0,114187.0,69868.0,35670.0,11308.0,1743.0,5467439.0,0.833,27.0,0.101,82.35,2.92,3.6,340303000000.0,134775,799,25109.1,148.9
309500,OMAN,ASIA,WESTERN ASIA,OMN,407986.0,374177.0,313577.0,295666.0,334850.0,373878.0,368810.0,340904.0,262050.0,167663.0,115328.0,82762.0,63223.0,48999.0,36967.0,25371.0,13982.0,6083.0,1957.0,408.0,48.0,3634689.0,0.87,,0.041,76.64,2.0,1.5,135814000000.0,289042,3498,56601.4,685.0
6020,STATE OF PALESTINE,ASIA,WESTERN ASIA,PSE,355963.0,342173.0,325967.0,309476.0,292413.0,262031.0,212063.0,164161.0,147103.0,127523.0,107503.0,86827.0,61794.0,39114.0,27848.0,18775.0,11306.0,5747.0,1856.0,355.0,36.0,2900034.0,0.77,33.7,,76.12,1.45,1.3,21220000000.0,344521,3855,67534.4,755.6999999999999
51060,COSTA RICA,AMERICA LATINA,CENTRAL AMERICA,CRI,378826.0,379384.0,367323.0,371841.0,402638.0,423899.0,435420.0,402263.0,350685.0,319856.0,310055.0,280989.0,228125.0,168336.0,118982.0,78522.0,46554.0,23490.0,8636.0,1909.0,255.0,5097988.0,0.8140000000000001,48.0,0.076,79.41,2.89,1.1,99146000000.0,392781,4906,77104.79999999999,963.1
96320,LIBERIA,AFRICA,WESTERN AFRICA,LBR,834024.0,724746.0,640580.0,548756.0,483517.0,337949.0,342712.0,298021.0,230980.0,175832.0,137104.0,100596.0,74785.0,54640.0,40378.0,27006.0,14578.0,5607.0,1313.0,163.0,9.0,5073296.0,0.526,35.3,0.067,65.1,0.04,0.8,7049000000.0,5396,148,1066.9,29.3
68890,IRELAND,EUROPA,NORTHERN EUROPE,IRL,352050.0,377682.0,365176.0,321329.0,303782.0,305158.0,341277.0,411982.0,415677.0,379915.0,329843.0,298793.0,258541.0,223582.0,190093.0,132327.0,87727.0,50925.0,22750.0,6844.0,1116.0,5176569.0,0.639,32.8,0.069,81.45,3.31,3.0,428825000000.0,286691,5018,57748.9,1010.8
622980,CENTRAL AFRICAN REPUBLIC,AFRICA,MIDDLE AFRICA,CAF,875416.0,783633.0,706591.0,633493.0,558149.0,497259.0,437059.0,347819.0,272120.0,223386.0,196453.0,147550.0,111174.0,76485.0,54984.0,38417.0,20650.0,8103.0,1869.0,231.0,14.0,5990855.0,0.426,43.6,0.11,55.07,0.07,1.0,4483000000.0,7147,98,1479.8,20.299999999999997
263310,NEW ZEALAND,OCEANIA,AUSTRALIA AND NEW ZEALAND,NZL,311210.0,322699.0,332746.0,308771.0,327688.0,358388.0,357349.0,322727.0,295189.0,316598.0,319172.0,310274.0,277407.0,234586.0,202931.0,142123.0,95515.0,55313.0,26690.0,7250.0,851.0,4925477.0,0.868,36.2,0.092,82.33,3.59,2.7,210877000000.0,2472,26,512.6,5.4
1030700,MAURITANIA,AFRICA,WESTERN AFRICA,MRT,538645.0,502362.0,463452.0,417530.0,372072.0,325453.0,284347.0,244231.0,204386.0,163491.0,136303.0,111025.0,85064.0,63521.0,44972.0,27570.0,14247.0,5363.0,1265.0,164.0,12.0,4005475.0,0.561,32.6,0.046,64.86,0.19,,23520000000.0,22929,512,4931.3,110.1
74340,PANAMA,AMERICA LATINA,CENTRAL AMERICA,PAN,330452.0,330609.0,334275.0,322031.0,324015.0,301278.0,287180.0,264811.0,258668.0,239043.0,218587.0,186612.0,145834.0,118007.0,92124.0,66642.0,40598.0,21495.0,8907.0,2476.0,438.0,3894082.0,0.688,49.2,0.073,79.47,1.57,2.3,133587000000.0,423366,6710,98120.20000000001,1555.1
17820,KUWAIT,ASIA,WESTERN ASIA,KWT,267005.0,245381.0,214904.0,187717.0,260279.0,343857.0,346918.0,307023.0,249472.0,183127.0,138048.0,97912.0,64697.0,38703.0,23341.0,13749.0,7425.0,3030.0,913.0,181.0,24.0,2993706.0,1.0,,0.05,78.9,2.65,2.0,209738000000.0,385762,2221,90330.3,520.1
55960,CROATIA,EUROPA,SOUTHERN EUROPE,HRV,187771.0,200591.0,210302.0,204006.0,251091.0,245805.0,270428.0,304633.0,303908.0,282576.0,274181.0,290596.0,311355.0,294577.0,215231.0,130555.0,121860.0,82485.0,34997.0,9633.0,1165.0,4227746.0,0.579,30.4,0.068,76.97,3.0,5.5,116339000000.0,361950,8244,89190.59999999999,2031.5
32850,MOLDOVA,EUROPA,EASTERN EUROPE,MDA,192206.0,215042.0,208668.0,185155.0,194175.0,236931.0,292662.0,273788.0,239918.0,220279.0,187417.0,221056.0,225192.0,184753.0,118211.0,71883.0,59369.0,26479.0,9629.0,1584.0,99.0,3364496.0,0.43,25.7,0.066,72.16,3.21,5.8,34680000000.0,258096,6229,63980.8,1544.1
69490,GEORGIA,ASIA,WESTERN ASIA,GEO,294943.0,317381.0,295581.0,253049.0,284351.0,364860.0,393578.0,349817.0,309277.0,296928.0,286835.0,337811.0,314956.0,258099.0,176515.0,123599.0,142372.0,74539.0,43028.0,10505.0,2006.0,4930030.0,0.599,36.4,0.071,77.25,7.12,2.9,55776000000.0,393360,5618,98606.90000000001,1408.3000000000002
101000,ERITREA,AFRICA,EASTERN AFRICA,ERI,791724.0,769497.0,763695.0,687411.0,562619.0,455854.0,398335.0,369089.0,331024.0,277643.0,200298.0,129886.0,100941.0,88065.0,69646.0,47562.0,26066.0,9487.0,2100.0,240.0,14.0,6081196.0,0.42,,0.041,66.51,0.06,0.7,9702000000.0,6450,32,1818.7,9.0
175020,URUGUAY,AMERICA LATINA,SOUTH AMERICA,URY,216310.0,217889.0,226700.0,246266.0,266583.0,256915.0,242415.0,220228.0,227460.0,212538.0,190589.0,189548.0,175810.0,146235.0,119713.0,94322.0,68008.0,43453.0,20055.0,5629.0,939.0,3387605.0,0.956,39.7,0.092,78.19,5.08,2.4,74638000000.0,379072,5889,109125.3,1695.3
51000,BOSNIA AND HERZEGOVINA,EUROPA,SOUTHERN EUROPE,BIH,167289.0,170497.0,167886.0,180414.0,235119.0,240762.0,283981.0,287367.0,285338.0,300021.0,310111.0,306824.0,277759.0,233595.0,159075.0,101023.0,83139.0,34912.0,9184.0,1227.0,63.0,3835586.0,0.494,33.0,0.08900000000000001,77.74,2.16,3.5,49224000000.0,205340,9669,62588.100000000006,2947.1
1553560,MONGOLIA,ASIA,EASTERN ASIA,MNG,278524.0,305702.0,269894.0,226365.0,246589.0,271387.0,309408.0,255763.0,227984.0,199533.0,170740.0,147947.0,106742.0,62660.0,36480.0,25948.0,15563.0,7908.0,2432.0,416.0,41.0,3168026.0,0.688,32.7,0.038,71.08,2.86,8.0,39723000000.0,151230,749,46130.8,228.5
28470,ARMENIA,ASIA,WESTERN ASIA,ARM,186111.0,195209.0,181969.0,167233.0,184222.0,235037.0,273754.0,247281.0,196869.0,174643.0,172938.0,216947.0,208387.0,145640.0,86894.0,50651.0,62633.0,24773.0,9077.0,985.0,71.0,3021324.0,0.634,34.4,0.1,75.86,4.4,4.2,40384000000.0,227936,4573,76921.40000000001,1543.1999999999998
10830,JAMAICA,AMERICA LATINA,CARIBBEAN,JAM,225479.0,234435.0,247721.0,254086.0,249943.0,218686.0,193235.0,170297.0,156287.0,163818.0,166670.0,149989.0,120343.0,88310.0,66588.0,49330.0,31838.0,15834.0,4891.0,729.0,61.0,2808570.0,0.5670000000000001,35.0,0.061,75.49,1.31,1.7,28779000000.0,51282,1158,17318.2,391.1
11610,QATAR,ASIA,WESTERN ASIA,QAT,113194.0,106936.0,93783.0,97511.0,190515.0,321388.0,402977.0,394452.0,306338.0,196356.0,105428.0,54563.0,31598.0,16521.0,7071.0,3047.0,1585.0,664.0,195.0,45.0,7.0,2444174.0,0.993,41.1,0.025,79.58,2.49,1.3,255010000000.0,224278,599,77845.8,207.89999999999998
27400,ALBANIA,EUROPA,SOUTHERN EUROPE,ALB,196416.0,181246.0,163448.0,211389.0,261860.0,286894.0,272988.0,219667.0,173551.0,169530.0,169777.0,188690.0,178512.0,137018.0,95854.0,82111.0,52677.0,23381.0,7618.0,1766.0,186.0,3074579.0,0.63,33.2,0.053,79.23,1.22,2.9,39859000000.0,132740,2456,46125.5,853.4000000000001
62674,LITHUANIA,EUROPA,NORTHERN EUROPE,LTU,136104.0,142400.0,138246.0,131581.0,147920.0,168780.0,182929.0,171581.0,163622.0,185168.0,192111.0,214194.0,198245.0,153134.0,127784.0,111108.0,87511.0,49081.0,14843.0,2717.0,12405.0,2731464.0,0.682,37.3,0.066,75.61,6.35,6.6,103756000000.0,280093,4405,100244.79999999999,1576.5
823290,NAMIBIA,AFRICA,SOUTHERN AFRICA,NAM,325057.0,314967.0,298366.0,281617.0,251371.0,229690.0,193889.0,166921.0,139620.0,114080.0,88743.0,71460.0,51748.0,37668.0,27282.0,19010.0,12236.0,5187.0,1030.0,124.0,7.0,2630073.0,0.53,59.1,0.08,65.87,0.42,2.7,24040000000.0,113438,2557,44644.700000000004,1006.3
10120,GAMBIA,AFRICA,WESTERN AFRICA,GMB,270620.0,261808.0,249313.0,227490.0,209331.0,195614.0,169544.0,142501.0,116414.0,88235.0,67154.0,53717.0,42040.0,31999.0,23208.0,14425.0,7227.0,2662.0,612.0,79.0,6.0,2173999.0,0.632,35.9,0.031,66.15,0.1,1.1,5218000000.0,7161,197,2963.2,81.5
566730,BOTSWANA,AFRICA,SOUTHERN AFRICA,BWA,236794.0,237868.0,232953.0,217001.0,207285.0,203022.0,180217.0,170935.0,147787.0,119841.0,97378.0,77965.0,59320.0,44891.0,33763.0,25769.0,15730.0,6669.0,1782.0,246.0,17.0,2317233.0,0.716,53.3,0.059,65.24,0.53,1.8,40928000000.0,91902,1328,39080.2,564.7
257670,GABON,AFRICA,MIDDLE AFRICA,GAB,274521.0,268792.0,269944.0,254663.0,233856.0,206143.0,159843.0,117905.0,88491.0,77348.0,74949.0,66142.0,49562.0,33519.0,23615.0,16103.0,9914.0,4341.0,1086.0,159.0,12.0,2230908.0,0.904,38.0,0.028,69.37,0.68,6.3,32480000000.0,25283,163,11359.400000000001,73.2
30360,LESOTHO,AFRICA,SOUTHERN AFRICA,LSO,212838.0,204333.0,199141.0,196554.0,182772.0,179544.0,178757.0,164982.0,116436.0,69950.0,55555.0,52236.0,45931.0,36866.0,29261.0,20694.0,13819.0,7127.0,2150.0,357.0,31.0,1969334.0,0.295,44.9,0.093,58.9,0.07,,5747000000.0,12398,339,5787.4,158.2
25220,NORTH MACEDONIA,EUROPA,SOUTHERN EUROPE,MKD,113649.0,115845.0,114051.0,122581.0,146439.0,154056.0,162985.0,167561.0,163274.0,152633.0,144827.0,138309.0,128478.0,112464.0,81960.0,54677.0,34434.0,14692.0,2730.0,310.0,16.0,2125971.0,0.588,34.2,0.066,76.59,2.87,4.3,34333000000.0,155951,5488,74854.79999999999,2634.2000000000003
20140,SLOVENIA,EUROPA,SOUTHERN EUROPE,SVN,98049.0,108255.0,105790.0,92948.0,96575.0,107708.0,132319.0,151245.0,162100.0,151633.0,151320.0,152108.0,146312.0,140077.0,106335.0,79796.0,60357.0,37753.0,16772.0,4664.0,562.0,2102678.0,0.5539999999999999,24.2,0.083,81.61,3.09,4.5,81614000000.0,258286,4760,123236.20000000001,2271.1000000000004
28120,GUINEA-BISSAU,AFRICA,WESTERN AFRICA,GNB,315235.0,270357.0,246323.0,213347.0,179474.0,150763.0,126586.0,106499.0,85051.0,69239.0,44665.0,31386.0,28824.0,24098.0,16472.0,10471.0,5671.0,2144.0,446.0,50.0,3.0,1927104.0,0.446,50.7,0.07,63.26,0.13,1.0,3821000000.0,4087,73,2076.7,37.1
62200,LATVIA,EUROPA,NORTHERN EUROPE,LVA,92109.0,95248.0,100791.0,87808.0,81529.0,111741.0,138571.0,127237.0,119918.0,131901.0,130808.0,143811.0,134138.0,111375.0,89185.0,80129.0,62563.0,29858.0,10556.0,1815.0,141.0,1881232.0,0.684,35.6,0.062,75.65,3.19,5.6,59102000000.0,138238,2547,72464.1,1335.1
760,BAHRAIN,ASIA,WESTERN ASIA,BHR,94382.0,92719.0,90625.0,101101.0,127026.0,152641.0,164309.0,168874.0,152619.0,118494.0,87976.0,60863.0,42768.0,22236.0,11130.0,7386.0,5294.0,3018.0,1197.0,295.0,50.0,1505003.0,0.8959999999999999,,0.041,79.67,0.93,1.7,73870000000.0,267882,1380,157431.8,811.0
28050,EQUATORIAL GUINEA,AFRICA,MIDDLE AFRICA,GNQ,116711.0,107814.0,99292.0,89386.0,77314.0,66102.0,56430.0,47683.0,39927.0,34131.0,29332.0,22738.0,16520.0,12226.0,9237.0,6420.0,3408.0,1202.0,269.0,34.0,2.0,836178.0,0.736,,0.03,66.35,0.4,2.1,25164000000.0,8848,123,6306.599999999999,87.69999999999999
5130,TRINIDAD AND TOBAGO,AMERICA LATINA,CARIBBEAN,TTO,72653.0,79839.0,77266.0,70104.0,66271.0,74066.0,99879.0,112010.0,90275.0,75072.0,77776.0,92063.0,75172.0,55471.0,39973.0,25545.0,15037.0,6993.0,2626.0,609.0,89.0,1208789.0,0.5329999999999999,,0.069,74.92,4.17,3.0,36514000000.0,36198,998,25865.2,713.1
42390,ESTONIA,EUROPA,NORTHERN EUROPE,EST,61173.0,67261.0,70873.0,56962.0,51900.0,65091.0,91216.0,88239.0,84063.0,84905.0,82141.0,83769.0,83058.0,74661.0,62550.0,45624.0,40723.0,21975.0,9834.0,2355.0,251.0,1228624.0,0.6940000000000001,30.4,0.067,77.63,4.48,4.7,48987000000.0,132059,1271,99369.0,956.4
14870,TIMOR-LESTE,ASIA,SOUTH-EASTERN ASIA,TLS,205610.0,185009.0,162296.0,151769.0,129432.0,107881.0,88310.0,72594.0,49135.0,55450.0,47875.0,41137.0,31048.0,23102.0,16343.0,10259.0,4682.0,1425.0,334.0,31.0,1.0,1383723.0,0.317,28.7,0.043,69.62,0.72,,4593000000.0,10205,26,7740.2,19.7
2030,MAURITIUS,AFRICA,EASTERN AFRICA,MUS,86961.0,89152.0,92010.0,96378.0,97574.0,106807.0,96589.0,103755.0,108435.0,88218.0,90881.0,92568.0,77169.0,61845.0,41693.0,23354.0,14577.0,7494.0,3058.0,765.0,82.0,1379365.0,0.408,36.8,0.058,76.7,2.6,3.4,28947000000.0,3120,19,2453.3,14.9
9240,CYPRUS,ASIA,WESTERN ASIA,CYP,68963.0,67195.0,62613.0,67074.0,88637.0,108130.0,107104.0,108706.0,97252.0,89184.0,86501.0,80425.0,70562.0,56315.0,44875.0,31143.0,18235.0,9273.0,3541.0,830.0,118.0,1266676.0,0.669,31.4,0.068,79.51,1.95,3.4,35353000000.0,93247,391,105007.29999999999,440.3
17200,ESWATINI,AFRICA,SOUTHERN AFRICA,SWZ,125932.0,125465.0,120051.0,108550.0,98133.0,111041.0,104413.0,82459.0,60889.0,42979.0,34030.0,26762.0,21439.0,16533.0,12188.0,7725.0,4040.0,1491.0,323.0,34.0,2.0,1104479.0,0.244,54.6,0.065,59.13,0.33,2.1,9898000000.0,21496,727,18528.399999999998,626.5999999999999
23180,DJIBOUTI,AFRICA,EASTERN AFRICA,DJI,97103.0,90618.0,88568.0,91052.0,96302.0,95905.0,82463.0,66491.0,54484.0,42326.0,33753.0,26596.0,19579.0,15278.0,10612.0,6309.0,3032.0,1061.0,240.0,30.0,2.0,921804.0,0.782,41.6,0.023,65.0,0.22,1.4,5388000000.0,11627,155,11768.199999999999,156.9
18270,FIJI,OCEANIA,MELANESIA,FJI,82131.0,83992.0,85249.0,73108.0,72024.0,72682.0,71437.0,73424.0,65001.0,52543.0,49115.0,48152.0,38424.0,28174.0,19797.0,12023.0,5925.0,2147.0,536.0,82.0,8.0,935974.0,0.5770000000000001,36.7,0.034,74.0,0.86,2.0,12178000000.0,19352,125,21587.5,139.4
1861,COMOROS,AFRICA,EASTERN AFRICA,COM,97490.0,104023.0,108942.0,98052.0,77578.0,64024.0,57759.0,53314.0,43975.0,41602.0,26988.0,21493.0,16525.0,13141.0,9987.0,6390.0,3371.0,1283.0,297.0,43.0,4.0,846281.0,0.29600000000000004,45.3,0.046,66.9,0.27,2.2,2603000000.0,4081,147,4693.0,169.0
196850,GUYANA,AMERICA LATINA,SOUTH AMERICA,GUY,55260.0,57305.0,66777.0,78822.0,80459.0,68668.0,53253.0,46715.0,44812.0,42733.0,40029.0,34759.0,28012.0,22947.0,13549.0,8395.0,4731.0,2117.0,706.0,140.0,15.0,750204.0,0.269,44.6,0.059,71.59,0.8,1.7,10240000000.0,21606,513,27469.3,652.2
38117,BHUTAN,ASIA,SOUTHERN ASIA,BTN,62844.0,63487.0,65522.0,68536.0,70443.0,74664.0,76400.0,67358.0,54365.0,42564.0,34523.0,27708.0,22286.0,17695.0,13957.0,10080.0,6135.0,2794.0,817.0,129.0,11.0,782318.0,0.43,37.4,0.031,71.5,0.42,1.7,9029000000.0,2456,2,3183.0,2.6
27990,SOLOMON ISLANDS,OCEANIA,MELANESIA,SLB,77570.0,75011.0,73420.0,70539.0,65249.0,58259.0,51011.0,44804.0,41422.0,35512.0,26874.0,19677.0,14871.0,11075.0,8224.0,5800.0,3452.0,1617.0,563.0,131.0,16.0,685097.0,0.251,37.1,0.045,76.45,0.19,1.4,1783000000.0,20,0,29.1,0.0
13450,MONTENEGRO,EUROPA,SOUTHERN EUROPE,MNE,36303.0,36263.0,38053.0,38548.0,39392.0,37191.0,40233.0,42198.0,41778.0,40305.0,40130.0,41377.0,40392.0,35695.0,26291.0,15793.0,11863.0,4758.0,2334.0,809.0,153.0,609859.0,0.6779999999999999,39.0,0.084,77.51,2.76,3.9,13357000000.0,100744,1623,160404.5,2584.1000000000004
2590,LUXEMBOURG,EUROPA,WESTERN EUROPE,LUX,35938.0,34677.0,34488.0,34826.0,39181.0,44591.0,47865.0,47838.0,46413.0,44426.0,44933.0,41886.0,34740.0,28468.0,23108.0,16904.0,12912.0,8351.0,4642.0,1689.0,505.0,628381.0,0.917,34.9,0.053,82.78,3.01,4.7,70966000000.0,73074,821,116711.5,1311.3
156000,SURINAME,AMERICA LATINA,SOUTH AMERICA,SUR,45374.0,46986.0,50181.0,51441.0,53424.0,47828.0,49787.0,53700.0,38907.0,39642.0,38893.0,32214.0,21287.0,15470.0,9817.0,6767.0,4741.0,2250.0,712.0,135.0,13.0,609569.0,0.662,,0.08,73.57,1.21,3.0,9606000000.0,24312,614,41443.4,1046.7
4030,CABO VERDE,AFRICA,WESTERN AFRICA,CPV,54054.0,54126.0,54842.0,54304.0,54721.0,54767.0,50804.0,43288.0,33428.0,27459.0,27988.0,24429.0,17107.0,10947.0,6241.0,5924.0,5383.0,2541.0,779.0,112.0,11.0,583255.0,0.6709999999999999,42.4,0.054000000000000006,73.47,0.78,2.1,3944000000.0,33356,296,59994.2,532.4
700,MICRONESIA,OCEANIA,MICRONESIA,FSM,9568.0,9784.0,10236.0,10294.0,9112.0,8290.0,7992.0,7778.0,6791.0,5709.0,4738.0,4058.0,3356.0,2415.0,1328.0,539.0,258.0,139.0,41.0,9.0,1.0,102436.0,0.231,40.1,0.126,74.17,,3.2,390000000.0,0,0,0.0,0.0
300,MALDIVES,ASIA,SOUTHERN ASIA,MDV,30703.0,29002.0,27032.0,29027.0,38544.0,46175.0,44300.0,35039.0,26103.0,21502.0,18563.0,15635.0,11430.0,6117.0,4382.0,3976.0,2609.0,1267.0,415.0,75.0,8.0,391904.0,0.411,31.3,0.094,76.69,4.56,4.3,10370000000.0,76188,217,140946.9,401.4
320,MALTA,EUROPA,SOUTHERN EUROPE,MLT,22838.0,21945.0,20974.0,21045.0,26211.0,31736.0,34670.0,33973.0,32672.0,29453.0,25445.0,28472.0,30414.0,27896.0,28686.0,18241.0,11971.0,6778.0,2840.0,825.0,182.0,457267.0,0.948,29.2,0.09,83.0,2.86,4.5,22133000000.0,32833,420,63807.399999999994,816.2
5270,BRUNEI,ASIA,SOUTH-EASTERN ASIA,BRN,37039.0,34731.0,32329.0,34761.0,40192.0,42869.0,45249.0,40850.0,36464.0,29678.0,24172.0,20378.0,18366.0,12990.0,7122.0,3605.0,2252.0,1052.0,313.0,60.0,6.0,464478.0,0.7859999999999999,,0.024,78.14,1.61,2.9,26906000000.0,309,3,706.3,6.8999999999999995
22810,BELIZE,AMERICA LATINA,CENTRAL AMERICA,BLZ,43629.0,43775.0,42750.0,41992.0,33929.0,35303.0,30564.0,25891.0,22783.0,18954.0,17245.0,14101.0,10578.0,7724.0,4668.0,2754.0,1782.0,896.0,248.0,31.0,1.0,399598.0,0.462,,0.057,75.56,1.12,1.0,2734000000.0,13772,332,34635.4,835.0
10010,BAHAMAS,AMERICA LATINA,CARIBBEAN,BHS,24815.0,24797.0,24814.0,24822.0,27160.0,28172.0,24550.0,24109.0,24436.0,24307.0,22558.0,19248.0,14650.0,11103.0,7707.0,5174.0,3123.0,1518.0,513.0,125.0,20.0,337721.0,0.8340000000000001,,0.063,75.87,2.01,3.0,14450000000.0,13604,274,34594.299999999996,696.8000000000001
100250,ICELAND,EUROPA,NORTHERN EUROPE,ISL,23567.0,23836.0,23828.0,22000.0,23065.0,24868.0,24113.0,23840.0,22822.0,21867.0,20812.0,21496.0,20377.0,17223.0,13786.0,9548.0,6093.0,4301.0,2315.0,799.0,178.0,350734.0,0.939,26.8,0.085,83.45,4.08,3.1,20187000000.0,6897,30,18940.8,82.4
12190,VANUATU,OCEANIA,MELANESIA,VUT,33307.0,33782.0,33289.0,31327.0,28317.0,25111.0,21037.0,18674.0,16372.0,14211.0,12254.0,10076.0,7494.0,5436.0,3715.0,2267.0,1123.0,421.0,103.0,16.0,1.0,298333.0,0.257,37.6,0.034,74.87,0.17,,945000000.0,3,0,9.8,0.0
430,BARBADOS,AMERICA LATINA,CARIBBEAN,BRB,16755.0,17170.0,17601.0,18125.0,18229.0,20288.0,19947.0,21054.0,19924.0,21670.0,22865.0,21438.0,19525.0,15582.0,9785.0,6655.0,4128.0,2339.0,1093.0,326.0,61.0,294560.0,0.312,,0.066,78.31,2.48,6.0,4488000000.0,4269,48,14855.2,167.0
960,SAO TOME & PRINCIPE,AFRICA,MIDDLE AFRICA,STP,29074.0,27673.0,27220.0,25117.0,20458.0,15527.0,13792.0,12344.0,10915.0,8230.0,5926.0,5150.0,3645.0,2408.0,1452.0,990.0,767.0,326.0,93.0,13.0,2.0,211122.0,0.7509999999999999,56.3,0.063,66.72,0.05,2.9,853000000.0,2413,37,11010.3,168.79999999999998
2830,SAMOA,OCEANIA,POLYNESIA,WSM,19550.0,19279.0,20896.0,20924.0,19034.0,17685.0,15081.0,11653.0,11869.0,10579.0,9344.0,8539.0,6746.0,4517.0,3175.0,2367.0,1515.0,684.0,286.0,48.0,3.0,203774.0,0.177,38.7,0.052000000000000005,74.92,0.35,,1285000000.0,1,0,5.0,0.0
610,SAINT LUCIA,AMERICA LATINA,CARIBBEAN,LCA,10455.0,10642.0,10933.0,10822.0,11818.0,12277.0,11584.0,12026.0,11611.0,11993.0,11813.0,10490.0,8209.0,6878.0,4907.0,3670.0,2879.0,1989.0,1032.0,365.0,94.0,166487.0,0.189,51.2,0.044,78.71,0.64,1.3,2823000000.0,5481,87,29848.600000000002,473.8
810,KIRIBATI,OCEANIA,MICRONESIA,KIR,10814.0,10327.0,10686.0,10940.0,11690.0,10276.0,9754.0,8003.0,6161.0,5047.0,5538.0,4329.0,3105.0,2127.0,1474.0,844.0,459.0,175.0,41.0,5.0,1.0,111796.0,0.563,,0.121,67.59,0.2,1.9,267000000.0,0,0,0.0,0.0
340,GRENADA,AMERICA LATINA,CARIBBEAN,GRD,8474.0,8902.0,8897.0,8225.0,7768.0,8335.0,9624.0,8003.0,6549.0,6746.0,6034.0,7071.0,6153.0,4367.0,3293.0,2287.0,1466.0,658.0,211.0,30.0,1.0,113094.0,0.3670000000000001,,0.045,75.48,1.41,3.6,1908000000.0,164,1,1457.5,8.9
390,ST. VINCENT & GRENADINES,AMERICA LATINA,CARIBBEAN,VCT,6464.0,6794.0,7172.0,7484.0,7549.0,7524.0,7290.0,7368.0,7336.0,6929.0,6772.0,6377.0,5462.0,4109.0,2632.0,1878.0,1253.0,666.0,264.0,60.0,7.0,101390.0,0.535,,0.045,76.43,0.66,4.3,1380000000.0,2263,12,20398.399999999998,108.2
720,TONGA,OCEANIA,POLYNESIA,TON,11012.0,11289.0,11647.0,10994.0,9860.0,8196.0,6932.0,6092.0,5124.0,5198.0,5961.0,3670.0,2877.0,2437.0,1895.0,1338.0,945.0,451.0,148.0,26.0,3.0,106095.0,0.231,37.6,0.051,77.29,0.54,2.6,667000000.0,0,0,0.0,0.0
460,SEYCHELLES,AFRICA,EASTERN AFRICA,SYC,6103.0,6051.0,5941.0,5886.0,6004.0,7122.0,7899.0,8401.0,8381.0,8037.0,7220.0,6302.0,4698.0,2802.0,1974.0,1347.0,997.0,547.0,208.0,53.0,8.0,95981.0,0.58,46.8,0.051,75.84,2.12,3.6,2852000000.0,17541,79,178358.30000000002,803.3
440,ANTIGUA AND BARBUDA,AMERICA LATINA,CARIBBEAN,ATG,7485.0,7363.0,7266.0,7645.0,8207.0,7385.0,6925.0,6769.0,6642.0,6494.0,6709.0,5867.0,4674.0,3382.0,2373.0,1444.0,830.0,464.0,192.0,54.0,9.0,98179.0,0.244,,0.052000000000000005,77.55,2.96,2.9,2127000000.0,1275,42,13019.6,428.9
470,ANDORRA,EUROPA,SOUTHERN EUROPE,AND,3181.0,3844.0,4427.0,4587.0,4114.0,3929.0,3851.0,5442.0,7427.0,8322.0,8017.0,7521.0,6106.0,4717.0,3801.0,2690.0,1679.0,1130.0,630.0,201.0,19.0,85635.0,0.879,,0.067,83.23,3.33,2.5,3327000000.0,14379,127,186099.8,1643.7
750,DOMINICA,AMERICA LATINA,CARIBBEAN,DMA,5417.0,5375.0,5103.0,4752.0,5011.0,6000.0,5552.0,5553.0,4514.0,4248.0,5903.0,4264.0,3556.0,3086.0,2167.0,1612.0,1137.0,656.0,266.0,63.0,8.0,74243.0,0.7140000000000001,,0.066,77.96,1.12,3.8,855000000.0,206,0,2861.5,0.0
180,MARSHALL ISLANDS,OCEANIA,MICRONESIA,MHL,8600.0,8546.0,8519.0,7829.0,7047.0,5195.0,6612.0,6225.0,4478.0,3565.0,3029.0,2470.0,2140.0,1692.0,1010.0,540.0,267.0,107.0,36.0,9.0,1.0,77917.0,0.782,,0.17600000000000002,74.38,0.42,2.7,227000000.0,4,0,67.6,0.0
260,SAINT KITTS & NEVIS,AMERICA LATINA,CARIBBEAN,KNA,3480.0,3653.0,3560.0,3509.0,3736.0,3779.0,3945.0,4081.0,4095.0,3815.0,3772.0,3781.0,3231.0,2163.0,1264.0,846.0,554.0,340.0,159.0,47.0,11.0,53821.0,0.309,,0.053,76.83,2.68,4.8,1396000000.0,554,3,10415.1,56.4
1,MONACO,EUROPA,WESTERN EUROPE,MCO,887.0,849.0,1176.0,1476.0,1468.0,1342.0,1328.0,1171.0,1406.0,1925.0,2251.0,2392.0,2395.0,2254.0,2297.0,2230.0,1768.0,1066.0,576.0,404.0,279.0,30940.0,1.0,,0.016,89.4,7.51,13.8,7672000000.0,2717,33,69233.5,840.9000000000001
160,LIECHTENSTEIN,EUROPA,WESTERN EUROPE,LIE,2006.0,2009.0,1932.0,2085.0,2334.0,2389.0,2440.0,2531.0,2499.0,2751.0,3131.0,2987.0,2654.0,2278.0,1983.0,1503.0,836.0,471.0,220.0,85.0,13.0,39137.0,0.145,,,82.36,,,4978000000.0,3167,58,81735.4,1496.9
60,SAN MARINO,EUROPA,SOUTHERN EUROPE,SMR,1545.0,1674.0,1822.0,1945.0,2040.0,1873.0,1785.0,2020.0,2329.0,2545.0,2839.0,2747.0,2140.0,1808.0,1657.0,1261.0,987.0,682.0,349.0,153.0,31.0,34232.0,0.976,,0.071,83.68,6.11,3.8,2008000000.0,5102,90,150333.0,2651.9
460,PALAU,OCEANIA,MICRONESIA,PLW,1190.0,1263.0,1598.0,1785.0,1654.0,1947.0,1767.0,1501.0,1420.0,1600.0,1595.0,1348.0,968.0,744.0,445.0,353.0,284.0,156.0,54.0,12.0,1.0,21685.0,0.815,,0.109,74.38,1.42,4.8,316000000.0,0,0,0.0,0.0
30,TUVALU,OCEANIA,POLYNESIA,TUV,1242.0,1109.0,986.0,949.0,1048.0,1093.0,992.0,730.0,529.0,371.0,501.0,591.0,443.0,356.0,191.0,108.0,69.0,26.0,6.0,1.0,1.0,11342.0,0.648,39.1,0.191,68.07,0.91,,49000000.0,0,0,0.0,0.0
20,NAURU,OCEANIA,MICRONESIA,NRU,1049.0,1062.0,910.0,838.0,762.0,716.0,977.0,877.0,633.0,505.0,457.0,388.0,270.0,207.0,88.0,25.0,14.0,4.0,3.0,0.0,0.0,9785.0,1.0,,0.096,67.62,1.35,5.0,145000000.0,0,0,0.0,0.0
0,HOLY SEE,EUROPA,SOUTHERN EUROPE,VAT,,,,,,,,,,,,,,,,,,,,,,,,,,,,,,26,0,32138.4,0.0
