,0-19,20-44,45-59,60-79,80-100+,TOTAL_POPULATION,GINI_INDEX,TOTAL_CASES,TOTAL_CASES_100K,TOTAL_DEATHS,TOTAL_DEATHS_100K,TOTAL_CASES_1M,TOTAL_DEATHS_1M,HDI,COUNTRY_CODE,DIABETES_PREVALENCE,LAST_GPD_USD,PHYSICIANS_DENSITY_PER_1K_POP,OBESITY_PREVALENCE_RATE,URBAN_POPULATION_2021,RATE_URBANIATION_EST_20_25,REGION
AFGHANISTAN,20676.365,12753.446,3027.333,1479.526,105.087,38041.757,29.4,152243,391.09,7031,18.06,4001997.06864223,184823.219390209,0.496,AFG,9.2,549,0.28,5.5,26.3,3.34,South Asia
ALBANIA,709.227,1014.814,566.93,507.967,81.975,2880.913,33.2,136147,4730.94,2466,85.69,47258282.3570167,855978.642881614,0.791,ALB,9,5064,1.22,21.7,1.29,63,Europe
ALGERIA,15999.221,16852.349,6033.228,3610.706,557.55,43053.054,27.4,187968,428.65,4830,11.01,4365962.05230876,112187.163307857,0.759,DZA,6.7,4363,1.72,27.4,1.99,74.3,Africa
ANGOLA,18229.846,9990.456,2451.558,1067.913,85.526,31825.299,51.3,44731,136.1,1103,3.36,1405517.03850449,34657.9618937751,0.574,AGO,4.5,2891,0.22,8.2,4.04,67.5,Africa
ANTIGUA AND BARBUDA,28.495,35.864,19.536,11.57,1.65,97.115,,1397,1426.54,43,43.91,14385007.4653761,442774.030788241,0.776,ATG,13.1,12870,2.96,18.9,24.4,0.87,Central America
ARGENTINA,14541.388,16418.967,6926.692,5712.62,1181.008,44780.675,41.4,5084635,11250.24,109041,241.26,113545296.045671,2435001.25891358,0.83,ARG,5.9,8693,3.99,28.3,0.97,92.2,South America
ARMENIA,782.905,1108.936,536.117,435.133,94.637,2957.728,34.4,235171,7936.3,4713,159.05,79510691.990609,1593452.812429,0.76,ARM,6.1,4364,4.4,20.2,63.4,0.23,Middle East
ARUBA,26.015,32.84,25.065,19.857,2.533,106.31,,13350,12503.98,119,111.46,125576145.235632,1119367.88637005,0.908,ABW,11.6,37576,,,0.77,43.9,Central America
AUSTRALIA,6359.616,8680.071,4760.047,4373.676,1029.79,25203.2,34.4,39615,155.35,965,3.78,1571824.21279837,38288.7887252412,0.938,AUS,5.6,56307,3.68,29,86.4,1.27,Australia - Oceania
AUSTRIA,1740.122,2912.132,2035.327,1790.279,477.248,8955.108,29.7,664998,7470.99,10558,118.62,74259070.9123776,1178991.92282215,0.914,AUT,6.6,47009,5.17,20.1,0.68,59,Europe
AZERBAIJAN,2998.416,4037.172,1899.504,975.741,136.886,10047.719,33.7,369853,3647.76,5170,50.99,36809648.0405155,514544.644411334,0.754,AZE,6.1,5593,3.45,19.9,1.38,56.8,Middle East
BAHAMAS,118.57,148.361,76.865,40.857,4.833,389.486,,16668,4238.59,313,79.59,42794862.9732519,803623.236778729,0.805,BHS,8.8,23971,2.01,31.6,1.02,83.4,Central America
BAHRAIN,392.615,922.486,242.235,78.174,5.654,1641.164,,271025,15927.89,1384,81.34,165141935.845534,843303.898940021,0.838,BHR,15.6,19019,0.93,29.8,1.99,89.6,Middle East
BANGLADESH,60022.806,66693.506,23707.122,10957.593,1665.146,163046.173,32.4,1433396,870.36,24547,14.91,8791350.16557549,150552.445042669,0.614,BGD,9.2,1305,0.58,3.6,38.9,2.88,South Asia
BARBADOS,67.988,93.858,60.479,52,12.696,287.021,,4548,1582.6,48,16.7,15845530.4664119,167235.150041286,0.813,BRB,13.4,13249,2.48,23.1,0.46,31.2,Central America
BELARUS,2044.687,3309.022,2001.695,1723.658,373.347,9452.409,25.2,462197,4891.32,3613,38.24,48897270.526487,382230.60385982,0.817,BLR,5,6678,5.19,24.5,0.28,79.9,Europe
BELGIUM,2604.189,3645.437,2374.526,2256.421,658.753,11539.326,27.4,1154879,10022.87,25299,219.56,100082015.188755,2192415.74421244,0.919,BEL,4.6,44361,3.07,22.1,0.38,98.1,Europe
BELIZE,155.852,154.61,51.01,24.755,4.124,390.351,53.1,14847,3733.89,344,86.51,38034999.2698879,881258.149716537,0.72,BLZ,17.1,3583,1.12,24.1,46.2,2.3,Central America
BENIN,6238.053,3911.523,1056.347,543.941,51.287,11801.151,47.8,9065,74.77,113,0.93,768145.412256821,9575.33718533048,0.52,BEN,1,1274,0.08,9.6,3.74,49,Africa
BHUTAN,264.072,336.843,95.116,57.481,9.582,763.094,37.4,2577,333.98,3,0.39,3377041.36056633,3931.36363278967,0.617,BTN,10.3,3008,0.42,6.4,43,2.52,South Asia
BOLIVIA,4655.641,4269.768,1414.948,979.366,193.379,11513.102,42.2,482428,4132.85,18185,155.79,41902521.1450398,1579504.81112736,0.703,BOL,6.8,2345,1.59,20.2,1.87,70.5,South America
BOSNIA AND HERZEGOVINA,658.006,1098.591,736.509,688.01,119.882,3300.998,33,207571,6326.81,9711,295.99,62881286.2049598,2941837.58972287,0.769,BIH,9,6077,2.16,17.9,0.61,49.4,Europe
BOTSWANA,998.356,899.898,247.163,146.51,11.776,2303.703,53.3,142380,6054.53,2043,86.88,61804842.030418,886833.068325214,0.728,BWA,5.8,7306,0.53,18.9,2.47,71.6,Africa
BRAZIL,60821.255,83921.95,37625.159,24693.275,3987.88,211049.519,53.9,20364099,9580.43,569058,267.72,96489672.6440774,2696324.55310168,0.761,BRA,10.4,10672,2.16,22.1,87.3,0.87,South America
BRUNEI DARUSSALAM,132.292,182.017,80.138,35.468,3.381,433.296,,787,179.89,3,0.69,1816310.32827444,6923.67342417193,0.845,BRN,13.3,32402,1.61,14.1,78.6,1.44,East Asia/Southeast Asia
BULGARIA,1334.409,2237.061,1467.738,1628.874,332.035,7000.117,40.4,434535,6250.97,18376,264.35,62075391.0256071,2625098.98048847,0.816,BGR,6,8743,4.03,25,76,-0.28,Europe
BURKINA FASO,11310.772,6610.971,1606.938,743.994,48.708,20321.383,35.3,13677,65.43,170,0.81,673034.901217107,8365.57236286526,0.434,BFA,7.3,815,0.09,5.6,31.2,4.75,Africa
BURUNDI,6408.987,3884.377,775.613,428.689,32.911,11530.577,38.6,10198,85.76,10,0.08,884431.021968805,867.259288065116,0.423,BDI,5.1,202,0.1,5.4,5.43,14.1,Africa
CABO VERDE,205.104,229.728,74.751,33.512,6.841,549.936,42.4,34407,6188.45,300,53.96,62565462.1628699,545518.02391551,0.665,CPV,2.4,3294,0.78,11.8,1.83,67.1,Africa
CAMBODIA,6587.952,6509.395,2176.834,1117.291,95.07,16486.542,37.9,86041,514.63,1704,10.19,5218862.75484574,103357.029024037,0.581,KHM,6.4,1212,0.19,3.9,3.06,24.7,East Asia/Southeast Asia
CAMEROON,13731.155,8893.094,2140.614,1033.843,77.681,25876.387,46.5,82454,310.61,1338,5.04,3186457.21290225,51707.3732124968,0.563,CMR,6,1491,0.09,11.4,3.43,58.1,Africa
CANADA,7934.163,12739.992,7633.059,7475.046,1628.778,37411.038,33.3,1451969,3847.08,26701,70.75,38811246.0285117,713719.83851397,0.922,CAN,7.6,48617,2.31,29.4,0.95,81.7,North America
CENTRAL AFRICAN REPUBLIC,2664.403,1484.652,383.502,196.343,16.279,4745.179,43.6,11251,232.95,99,2.05,2371038.05778454,20863.2803946911,0.381,CAF,6,378,0.07,7.5,3.32,42.6,Africa
CHAD,9262.186,4968.228,1088.421,579.133,48.914,15946.882,43.3,4984,30.34,174,1.06,312537.585717383,10911.2238994432,0.401,TCD,6,783,0.04,6.1,23.8,4.1,Africa
CHANNEL ISLANDS,35.332,57.014,39.215,32.405,8.298,172.264,,,,,,,,,CHI,3.9,,,,,,
CHILE,4956.59,7208.201,3576.171,2687.685,523.388,18952.035,44.4,1629932,8526.44,36420,190.52,86003007.0649405,1921693.36960384,0.847,CHL,8.6,14050,2.59,28,87.8,0.78,South America
CHINA,338099.542,516319.059,337903.317,215315.362,26146.412,1433783.692,38.5,122433,8.32,5669,0.39,85391.5417528685,3953.87395716034,0.758,CHN,9.2,8405,1.98,6.2,1.78,62.5,East Asia/Southeast Asia
COLOMBIA,15680.413,19789.907,8441.12,5515.699,912.304,50339.443,50.4,4867761,9566.6,123459,242.63,96698745.7529079,2452530.11639402,0.761,COL,7.4,7228,2.19,22.3,1.01,81.7,South America
COMOROS,422.03,303.313,82.697,39.591,3.26,850.891,45.3,4039,464.47,147,16.9,4746788.95416687,172760.083253907,0.538,COM,12.3,1437,0.27,7.8,2.97,29.6,Africa
COSTA RICA,1432.871,1984.705,898.526,623.563,107.896,5047.561,48,431271,8466.06,5236,102.79,85441463.7089081,1037332.68404285,0.794,CRI,9.1,9620,2.89,25.7,1.5,81.4,Central America
CROATIA,803.594,1316.242,858.279,916.279,235.905,4130.299,30.4,367409,9053.57,8288,204.23,88954576.8962489,2006634.38651778,0.837,HRV,5.4,15204,3,24.4,57.9,0.05,Europe
CUBA,2475.569,3602.805,2911.208,1926.81,417.092,11333.484,,526837,4651.32,4088,36.09,46484999.6700044,360701.087150253,0.778,CUB,9.6,6805,8.42,24.6,77.3,0.19,Central America
CYPRUS,275.284,468.169,223.395,193.202,38.524,1198.574,31.4,109253,12303.2,461,51.91,91152486.2044396,384623.727863278,0.873,CYP,9,30438,1.95,21.8,0.76,66.9,Europe
CZECHIA,2152.923,3594.766,2168.934,2332.215,440.375,10689.213,24,1676518,15677.27,30376,284.05,156842042.533908,2841743.35379041,0.891,CZE,7,22843,4.12,26,0.2,74.2,Europe
DEMOCRATIC REPUBLIC OF THE CONGO,49035.193,26632.388,7073.745,3719.379,329.863,86790.568,42.1,53346,59.56,1050,1.17,614652.043756644,12098.0888153653,0.459,COD,6,843,0.07,6.7,4.33,46.2,Africa
DENMARK,1287.864,1803.713,1189.889,1224.13,266.281,5771.877,28.7,331736,5697.23,2560,43.97,57474544.2427134,443529.895041076,0.93,DNK,8.3,63880,4.01,19.7,88.2,0.54,Europe
DJIBOUTI,375.431,401.026,127.375,63.717,6.008,973.557,41.6,11683,1182.49,156,15.79,12000324.5829469,160237.150983456,0.495,DJI,5.1,3788,0.22,13.5,1.56,78.2,Africa
DOMINICAN REPUBLIC,3935.265,4053.169,1591.59,983.322,175.611,10738.957,43.7,346459,3193.79,3985,36.74,32261885.395388,371078.867342517,0.745,DOM,8.6,7390,1.53,27.6,1.64,83.2,Central America
ECUADOR,6377.025,6616.091,2515.034,1592.789,272.718,17373.657,45.4,493767,2798.65,31870,180.64,28420441.3613093,1834386.39314682,0.758,ECU,5.5,4628,2.04,19.9,1.62,64.4,South America
EGYPT,42590.937,37215.84,12432.708,7370.37,778.221,100388.076,31.5,285465,278.95,16625,16.25,2843614.61414999,165607.317745586,0.7,EGY,17.2,3058,0.45,32,42.9,1.9,Africa
EL SALVADOR,2336.484,2456.652,897.06,639.874,123.48,6453.55,38.6,90129,1389.55,2794,43.08,13965801.7680192,432940.009762069,0.667,SLV,8.8,3280,1.57,24.6,74.1,1.33,Central America
EQUATORIAL GUINEA,621.085,576.024,106.425,48.803,3.645,1355.982,,8972,639.49,123,8.77,6616607.00510774,90709.1687057793,0.588,GNQ,6,8466,0.4,8,3.62,73.6,Africa
ERITREA,1808.777,1162.808,300.41,202.687,22.435,3497.117,,6603,186.19,37,1.04,1888126.705512,10580.143586846,0.434,ERI,5.1,1820,0.06,5,42,3.67,Africa
ESTONIA,278.545,433.921,261.724,274.112,77.347,1325.649,30.4,137514,10347.37,1281,96.39,103733341.178547,966319.138776554,0.882,EST,4.2,20162,4.48,21.2,69.4,-0.03,Europe
ETHIOPIA,58008.549,38687.747,9444.604,5377.959,559.868,112078.727,35,289962,252.22,4489,3.9,2587127.88556208,40052.2036621633,0.47,ETH,4.3,623,0.08,4.5,22.2,4.4,Africa
FIJI,334.815,332.318,139.876,77.589,5.357,889.955,36.7,40587,4527.55,394,43.95,45605676.6915181,442719.013882724,0.724,FJI,14.7,3808,0.86,30.2,57.7,1.37,Australia - Oceania
FINLAND,1181.558,1722.221,1045.939,1276.902,305.539,5532.159,27.4,118647,2147.34,1006,18.21,21446780.5426417,181845.821857253,0.925,FIN,5.6,47864,3.81,22.2,85.6,0.42,Europe
FRANCE,15463.684,19413.424,13019.308,13215.024,4018.291,65129.731,31.6,6317130,9712.78,111509,171.45,96993030.7250924,1712105.95050669,0.891,FRA,4.8,40521,3.27,21.6,0.67,81.2,Europe
FRENCH GUIANA,121.516,101.82,42.613,22.984,1.89,290.823,,32180,10774,200,66.96,110651495.927076,687703.517259639,,,,,,,,,
FRENCH POLYNESIA,84.395,102.995,55.397,32.4,4.098,279.285,,30541,10872.24,211,75.11,109354243.872746,755500.653454357,,PYF,19.5,,2.13,,62.1,0.65,Australia - Oceania
GABON,996.812,833.823,225.849,104.785,11.309,2172.578,38,25607,1150.5,165,7.41,11786458.2997711,75946.6403507722,0.702,GAB,6,8840,0.68,15,90.4,2.27,Africa
GAMBIA,1286.277,783.244,185.705,86.474,5.996,2347.696,35.9,9195,380.48,271,11.21,3916605.89786753,115432.321731604,0.466,GMB,1.9,792,0.1,10.3,63.2,3.75,Africa
GEORGIA,1018.016,1345.553,785.594,695.678,151.921,3996.762,36.4,490462,12294.82,6483,162.51,122714837.661087,1622063.06004711,0.786,GEO,5.8,4679,7.12,21.7,0.35,59.9,Middle East
GERMANY,15675.339,25180.089,18987.097,17937.123,5737.398,83517.046,31.9,3827051,4601.66,91899,110.5,45823591.5096901,1100362.19432378,0.939,DEU,10.4,45065,4.25,22.3,77.5,0.13,Europe
GHANA,14451.351,10967.161,3431.231,1470.662,97.453,30417.858,43.5,111232,357.97,930,2.99,3656799.23944677,30574.1449644482,0.596,GHA,2.5,1848,0.14,10.9,3.06,58,Africa
GREECE,1981.729,3239.303,2288.612,2183.88,779.928,10473.452,34.4,539337,5031.8,13237,123.5,51495629.1392752,1263862.19175874,0.872,GRC,4.7,21577,5.48,24.9,80,0.11,Europe
GRENADA,34.18,42.911,18.567,13.888,2.456,112.002,,188,167.08,1,0.89,1678541.45461688,8928.41199264299,0.763,GRD,10.7,8153,1.41,21.3,0.86,36.7,Central America
GUADELUPE,105.358,102.239,91.028,81.036,20.387,400.048,,35283,8818.02,346,86.47,88196916.3700356,864896.212454505,,,,,,,,,
GUAM,54.346,57.933,30.353,21.211,3.452,167.295,,8690,5148.87,143,84.73,51944170.4773006,854777.488866971,0.901,GUM,18.7,35600,,,0.84,95,Australia - Oceania
GUATEMALA,7887,6715.867,1728.497,1061.663,188.449,17581.476,48.3,413797,2309.71,11189,62.45,23535964.7847541,636408.456263854,0.651,GTM,10,3264,0.36,21.2,2.59,52.2,Central America
GUINEA,7024.778,4160.339,985.28,560.935,39.914,12771.246,,28118,214.11,292,2.22,2201664.58307983,22863.8615214209,0.466,GIN,2.4,960,0.08,7.7,3.64,37.3,Africa
GUINEA BISSAU,1011.523,666.261,155.222,82.864,5.047,1920.917,50.7,5123,260.31,90,4.57,2666955.41764688,46852.6229920397,0.461,GNB,2.4,590,0.13,9.5,3.22,44.6,Africa
GUYANA,295.342,282.106,123.7,71.04,10.587,782.775,44.6,23561,2995.48,574,72.98,30099326.1154227,733288.620612564,0.67,GUY,11.6,8741,0.8,20.2,1.01,26.9,South America
HAITI,4837.982,4328.64,1241.131,759.426,95.9,11263.079,41.1,20556,180.28,576,5.05,1825078.20463658,51140.5451386783,0.503,HTI,6.7,1188,0.23,22.7,2.47,58,Central America
HONDURAS,4079.498,3863.353,1103.971,597.592,101.701,9746.115,52.1,316235,3192.81,8373,84.54,32447287.9706427,859111.55368062,0.623,HND,7.3,2011,0.31,21.4,2.48,59,Central America
HONG KONG,1193.662,2581.547,1789.212,1499.032,372.704,7436.157,53.9,,,,,,,0.939,,,35588,2,,0.58,100,East Asia/Southeast Asia
HUNGARY,1884.716,3285.714,1942.734,2144.641,426.875,9684.68,30.6,810549,8296.71,30042,307.51,83693937.2286952,3102012.66329915,0.845,HUN,6.9,16745,3.41,26.4,0.05,72.2,Europe
ICELAND,87.937,116.277,63.323,58.858,12.642,339.037,26.8,9578,2630.35,30,8.24,28250603.9163867,88485.9174662352,0.938,ISL,5.8,47630,4.08,21.9,93.9,0.74,Europe
INDIA,489406.166,539041.009,203100.575,121796.96,13073.046,1366417.756,35.7,32250679,2337,432079,31.31,23602356.49631,316212.957642509,0.647,IND,10.4,1961,0.86,3.9,2.33,35.4,South Asia
INDONESIA,94287.57,103845.973,46195.554,23927.425,2369.045,270625.567,37.8,3892479,1423.09,120013,43.88,14383264.0912305,443465.121682313,0.707,IDN,6.3,4312,0.43,6.9,1.99,57.3,East Asia/Southeast Asia
IRAN,25908.456,35671.662,13053,7366.463,914.312,82913.893,40.8,4467015,5318.32,98483,117.25,53875349.9368315,1187774.40591289,0.797,IRN,9.6,5944,1.58,25.8,1.32,76.3,Middle East
IRAQ,19035.963,14355.948,3916.327,1813.802,187.749,39309.789,29.5,1784594,4436.81,19740,49.08,45398208.5734421,502164.995085575,0.689,IRQ,8.8,4927,0.71,30.4,71.1,2.91,Middle East
IRELAND,1336.762,1660.665,944.713,788.424,151.934,4882.498,32.8,326188,6570.49,5059,101.9,66807605.4511441,1036149.93800305,0.942,IRL,3.2,81297,3.31,25.3,1.15,63.9,Europe
ISRAEL,3032.351,2833.916,1261.081,1133.309,258.716,8519.373,39,951226,10989.79,6694,77.34,111654460.956223,785738.574892777,0.906,ISR,9.7,33817,4.63,26.1,92.7,1.51,Middle East
ITALY,10843.908,17560.284,14354.018,13326.174,4465.708,60550.092,35.9,4444338,7451.76,128456,215.38,73399359.9877602,2121483.15150372,0.883,ITA,5,32902,3.98,19.9,71.3,0.27,Europe
JAMAICA,939.687,1131.139,495.006,322.766,59.679,2948.277,35,58458,1974.15,1311,44.27,19827851.9962677,444666.495041002,0.726,JAM,11.3,4358,1.31,24.7,0.79,56.7,Central America
JAPAN,21701.173,35828.512,26179.335,32133.043,11018.236,126860.299,32.9,1159945,917.12,15431,12.2,9143483.10025661,121637.739479078,0.915,JPN,5.6,49000,2.41,4.3,91.9,-0.25,East Asia/Southeast Asia
JORDAN,4416.836,3844.381,1242.839,535.51,62.131,10101.697,33.7,784631,7690.1,10222,100.18,77673186.9902651,1011909.18713955,0.723,JOR,12.7,3242,2.32,35.5,0.98,91.6,Middle East
KAZAKHSTAN,6429.535,6796.78,3124.17,1905.385,295.558,18551.428,27.5,767163,4085.72,11725,62.44,41353312.5320595,632026.817558196,0.817,KAZ,6.1,11075,3.98,21,1.19,57.8,Central Asia
KENYA,26469.524,19260.159,4720.442,1980.791,143.051,52573.967,40.8,221406,411.76,4350,8.09,4211323.82876871,82740.5700619852,0.579,KEN,3.1,1206,0.16,7.1,28.5,4.09,Africa
KIRIBATI,52.324,42.875,14.764,7.078,0.567,117.608,,0,0,0,0,0,0,0.623,KIR,22.5,1808,0.2,46,56.3,2.77,Australia - Oceania
KUWAIT,1125.06,1883.005,946.647,242.457,9.908,4207.077,,406883,9527.6,2393,56.03,96713941.7700223,568803.470913416,0.808,KWT,12.2,32702,2.65,37.9,1.35,100,Middle East
KYRGYZSTAN,2580.961,2435.093,896.586,444.692,58.519,6415.851,27.7,172668,2646.58,2457,37.66,26912719.7623511,382957.771307345,0.674,KGZ,6.1,1000,2.21,16.6,2.05,37.1,Central Asia
LAOS,3021.262,2818.228,854.261,435.25,40.455,7169.456,36.4,10441,143.51,9,0.12,1456316.90884218,1255.32536917724,0.604,LAO,6.4,1836,0.37,5.3,2.99,36.9,East Asia/Southeast Asia
LATVIA,394.044,593.01,402.023,408.305,109.358,1906.74,35.6,140171,7347.74,2563,134.35,73513431.3015933,1344179.07003577,0.854,LVA,5,16202,3.19,23.6,-0.68,68.4,Europe
LEBANON,2343.313,2647.519,1124.425,636.041,104.411,6855.709,31.8,583718,8552.09,7982,116.94,85143345.4949736,1164285.12353719,0.73,LBN,11.2,4637,2.1,32,89.1,-1.23,Middle East
LESOTHO,907.193,832.486,226.759,141.942,16.887,2125.267,44.9,14352,669.95,399,18.63,6753033.85409927,187741.116763211,0.518,LSO,4.5,1088,0.07,16.6,29.5,2.77,Africa
LIBERIA,2548.683,1666.965,465.677,236.178,19.871,4937.374,35.3,5508,108.9,245,4.84,1115572.77208492,49621.5194554838,0.465,LBR,2.4,490,0.04,9.9,52.6,3.41,Africa
LIBYA,2456.523,2823.561,1040.004,405.855,51.51,6777.453,,284618,4142.13,3933,57.24,41994831.9818669,580306.495670276,0.708,LBY,10.2,5504,2.09,32.5,81,1.45,Africa
LITHUANIA,544.511,848.942,624.983,570.612,170.583,2759.631,37.3,290766,10406.47,4458,159.55,105364086.72029,1615433.36772199,0.869,LTU,3.8,18391,6.35,26.3,68.2,-0.12,Europe
LUXEMBOURG,131.469,226.329,136.513,96.82,24.599,615.73,34.9,74690,11929.25,828,132.25,121303168.596625,1344745.26172186,0.909,LUX,5,107458,3.01,22.6,1.43,91.7,Europe
MACAU,113.263,262.816,149.603,101.318,13.446,640.446,35,,,,,,,0.922,MAC,4.3,24350,2.41,,1.46,100,East Asia/Southeast Asia
MACEDONIA,464.535,769.415,427.227,369.776,52.505,2083.458,30.7,162457,7797.76,5560,266.87,77974693.9943114,2668640.30856394,0.759,MKD,9.3,5371,2.87,22.4,58.8,0.61,
MADAGASCAR,13840.171,9279.612,2518.501,1217.969,113.053,26969.306,42.6,42819,154.63,954,3.45,1587693.80272522,35373.5465050528,0.521,MDG,4.5,459,0.18,5.3,39.2,4.26,Africa
MALAWI,10202.893,6251.059,1415.344,701.664,57.789,18628.749,44.7,58221,304.34,1983,10.37,3125330.6381443,106448.371814983,0.485,MWI,4.5,527,0.04,5.8,17.7,4.41,Africa
MALAYSIA,10283.359,13331.802,4942.632,3034.774,357.222,31949.789,41,1424639,4401.65,12784,39.5,44589934.5375959,400127.838089948,0.804,MYS,16.7,11637,1.54,15.6,77.7,1.87,East Asia/Southeast Asia
MALDIVES,133.914,303.466,62.912,26.387,4.278,530.957,31.3,79289,14668.37,222,41.07,149332243.477344,418112.954533041,0.719,MDV,9.2,5663,4.56,8.6,2.34,41.1,South Asia
MALI,11455.501,5997.438,1440.451,713.867,50.766,19658.023,40.1,14698,72.58,535,2.64,747684.545897622,27215.351208003,0.427,MLI,2.4,756,0.13,8.6,44.7,4.57,Africa
MALTA,84.16,152.747,81.772,100.913,20.785,440.377,29.2,35380,6875.72,431,83.76,80340253.9188014,978706.880695404,0.885,MLT,8.3,26014,2.86,28.9,94.8,0.28,Europe
MARTINIQUE,84.715,94.297,89.97,83.494,23.081,375.557,,31485,8390.07,224,59.69,83835476.3724282,596447.410113511,,,,,,,,,
MAURITANIA,2263.813,1596.854,437.153,209.193,18.685,4525.698,32.6,30354,652.82,645,13.87,6707031.71090956,142519.452248029,0.527,MRT,7.1,1684,0.19,12.7,3.84,56.1,Africa
MAURITIUS,314.512,471.099,258.356,199.164,26.539,1269.67,36.8,6122,481.38,22,1.73,4821725.33020391,17327.3370245812,0.796,MUS,22,9273,2.6,10.8,40.8,0.28,Africa
MAYOTTE,134.124,89.019,27.099,13.746,2.165,266.153,,19614,7189.49,175,64.15,73694453.9419056,657516.541237559,,,,,,,,,
MEXICO,44602.341,48729.56,20271.66,11970.294,2001.674,127575.529,36.8,3101266,2405.34,248380,192.64,24309254.4809279,1946925.10348125,0.767,MEX,13.5,9322,2.38,28.9,1.4,81,North America
MICRONESIA,47.376,42.68,15.135,8.213,0.407,113.811,,0,0,0,0,0,0,0.614,FSM,11.9,2733,,,,,
MOLDOVA,847.853,1661.915,788.777,652.907,91.806,4043.258,25.7,262244,6500.9,6313,156.5,64859576.1141139,1561364.62229222,0.711,MDA,5.7,3514,3.21,18.9,0.09,43,Europe
MONGOLIA,1208.404,1289.618,501.222,205.438,20.484,3225.166,32.7,183652,5602.07,880,26.84,56943425.5477082,272854.172467402,0.735,MNG,4.7,4054,2.86,20.6,1.4,68.8,East Asia/Southeast Asia
MONTENEGRO,153.406,216.221,121.826,114.829,21.706,627.988,39,106492,16955.65,1644,261.76,169576488.722714,2617884.4181736,0.816,MNE,9,7293,2.76,23.3,0.45,67.8,Europe
MOROCCO,12789.71,13756.822,5753.933,3736.818,434.483,36471.766,39.5,763353,2068.12,11119,30.12,20929970.8711665,304865.961247942,0.676,MAR,7,3127,0.73,26.1,1.88,64.1,Africa
MOZAMBIQUE,16898.894,9812.251,2318.362,1231.143,105.393,30366.043,54,139038,444.84,1731,5.54,4578732.89582051,57004.4638348171,0.446,MOZ,3.3,565,0.08,7.2,4.24,37.6,Africa
MYANMAR,19077.872,20881.058,8841.746,4821.787,422.959,54045.422,30.7,360291,662.18,13623,25.04,6666448.08509405,252065.753136316,0.584,MMR,3.9,1478,,,,,
NAMIBIA,1163.761,942.284,249.159,124.601,14.719,2494.524,59.1,122545,4822.89,3285,129.28,49125604.7245887,1316884.50381716,0.645,NAM,4.5,5313,0.42,17.2,53,3.64,Africa
NEPAL,11685.646,10851.638,3619.319,2235.224,216.888,28608.715,32.8,737294,2530.46,10354,35.54,25771657.3428761,361917.688368737,0.579,NPL,7.2,833,0.75,4.1,3.09,21,South Asia
NETHERLANDS,3736.158,5205.091,3699.818,3636.386,819.67,17097.123,28.5,1904128,10938.5,17915,102.91,111371252.34462,1047837.11271189,0.933,NLD,5.4,53081,3.61,20.4,0.59,92.6,Europe
NEW CALEDONIA,85.124,103.787,54.944,34.687,4.215,282.757,,134,46.94,0,0,473905.155310037,0,0.813,NCL,21.8,34780,2.22,,1.72,71.9,Australia - Oceania
NEW ZEALAND,1239.141,1560.708,943.672,857.658,181.883,4783.062,36.2,2570,53.29,26,0.54,537312.708888156,5435.84841676733,0.921,NZL,6.2,37922,3.59,30.8,86.8,0.92,Australia - Oceania
NICARAGUA,2555.913,2615.721,823.267,476.746,73.856,6545.503,46.2,8193,123.68,197,2.97,1251699.06728329,30096.9994208237,0.651,NIC,11.4,1722,0.98,23.7,59.3,1.45,Central America
NIGER,14140.989,6524.932,1685.962,904.753,54.083,23310.719,34.3,5724,23.65,196,0.81,245552.271467903,8408.14905795055,0.377,NER,2.4,550,0.04,5.5,4.72,16.8,Africa
NIGERIA,109010.679,65241.055,17663.532,8614.729,433.608,200963.603,35.1,183087,88.82,2223,1.08,911045.568783915,11061.704541593,0.534,NGA,3.1,2273,0.38,8.9,52.7,3.92,Africa
NORTH KOREA,7034.747,9145.038,5730.998,3329.882,425.493,25666.158,,226854,442.48,2173,4.24,8838642.69829556,84664.0155491913,,PRK,6.4,1800,3.68,6.8,62.6,0.85,East Asia/Southeast Asia
NORWAY,1259.291,1801.976,1082.434,1008.935,226.223,5378.859,27,144478,2691.68,809,15.07,26860343.4297125,150403.645085324,0.954,NOR,5.3,90885,2.92,23.1,1.32,83.3,Europe
OMAN,1333.812,2864.361,570.126,185.983,20.71,4974.992,,300408,5882.71,3999,78.31,60383614.6872196,803820.388052885,0.834,OMN,10.1,15082,2,27,87,2.32,Middle East
PAKISTAN,97689.286,80447.103,24050.393,12965.003,1413.532,216565.317,33.5,1102079,498.92,24478,11.08,5088898.88402583,113028.255581664,0.56,PAK,19.9,1168,0.98,8.6,2.1,37.4,South Asia
PALESTINE,2437.735,1824.992,478.025,219.198,21.472,4981.422,33.7,350105,6862.9,3893,76.31,70282140.3205751,781503.755353391,0.69,PSE,9.5,2549,1.45,,77,2.85,Middle East
PANAMA,1491.818,1565.336,682.799,422.595,83.892,4246.44,49.2,447824,10378.87,6951,161.1,105458690.102768,1636900.55670161,0.795,PAN,7.7,9611,1.57,22.7,1.92,68.8,Central America
PAPUA NEW GUINEA,4023.695,3212.27,1022.652,488.147,29.355,8776.119,50.9,17832,199.31,192,2.15,2031877.64432091,21877.5520249896,0.543,PNG,17.9,2347,0.07,21.3,13.5,2.91,East Asia/Southeast Asia
PARAGUAY,2718.839,2788.407,855.01,595.004,87.379,7044.639,46.2,456695,6402.98,15439,216.46,64828730.0456418,2191595.62328176,0.724,PRY,9.6,5163,1.35,20.3,62.5,1.64,South America
PERU,10714.583,12707.761,5161.041,3361.77,565.307,32510.462,42.8,2133812,6471.62,197393,598.67,65634625.5553059,6071676.24994071,0.759,PER,6.6,5685,1.3,19.7,78.3,1.33,South America
PHILIPPINES,43362.456,40945.387,14790.764,8135.736,882.279,108116.622,44.4,1755846,1602.33,30366,27.71,16240296.519808,280863.381025722,0.712,PHL,7.1,2980,0.6,6.4,2.04,47.7,East Asia/Southeast Asia
POLAND,7496.3,13607.205,7156.543,7891.561,1736.162,37887.771,29.7,2885676,7602.26,75306,198.39,76163783.8235456,1987607.03024731,0.872,POL,6.1,16945,2.38,23.1,-0.16,60.1,Europe
PORTUGAL,1885.626,3113.073,2276.6,2279.831,671.048,10226.178,33.8,1004470,9756.01,17573,170.68,98225358.4868169,1718432.82993901,0.85,PRT,9.8,22770,5.12,20.8,66.8,0.44,Europe
PUERTO RICO,663.022,880.101,620.664,618.151,151.466,2933.404,53.1,158825,5551.67,2667,93.22,54143581.9955247,909182.64241816,0.845,PRI,13.7,26822,3.06,,-0.12,93.6,Central America
QATAR,498.983,1796.043,444.788,88.289,3.968,2832.071,41.1,229428,7963.34,601,20.86,81010680.8762916,212212.193832711,0.848,QAT,15.6,59924,2.49,35.1,99.3,1.66,Middle East
REPUBLIC OF THE CONGO,2787.713,1808.056,545.921,223.316,15.498,5380.504,48.9,13398,242.8,179,3.24,2490101.29906046,33268.2588842978,0.574,COG,6,2049,0.17,9.6,68.3,3.19,Africa
ROMANIA,4008.217,6352.841,4028.105,4042.535,932.86,19364.558,36,1088053,5629.17,34359,177.76,56187856.1855117,1774323.99954598,0.816,ROU,6.9,11665,2.98,22.5,-0.15,54.3,Europe
RUSSIA,33357.757,51507.048,28978.333,26361.109,5668.013,145872.26,37.5,6642559,4551.74,172110,117.94,45536821.0515145,1179867.92005553,0.824,RUS,6.1,11787,3.75,23.1,0.11,74.9,Central Asia
RWANDA,6340.304,4501.9,1158.421,582.592,43.721,12626.938,43.7,80147,618.79,969,7.48,6347302.88530759,76740.6951709116,0.536,RWA,5.1,849,0.13,5.8,17.6,3.07,Africa
SAINT LUCIA,47.025,73.825,35.599,22.012,4.334,182.795,51.2,6366,3466.81,95,51.74,34825897.8637271,519707.869471266,0.745,LCA,11.6,13708,0.64,19.7,0.98,18.9,Central America
SAINT VINCENT AND THE GRENADINES,33.768,40.508,20.483,13.162,2.672,110.593,,2314,2085.81,12,10.82,20923566.5910139,108505.9633069,0.728,VCT,11.6,12431,0.66,23.7,53.5,0.94,Central America
SAMOA,93.446,62.505,25.78,13.926,1.436,197.093,38.7,1,0.5,0,0,5073.74691135657,0,0.715,WSM,9.2,3738,0.35,47.3,17.7,-0.03,Australia - Oceania
SAO TOME AND PRINCIPE,114.673,70.01,19.864,9.397,1.104,215.048,56.3,2489,1135.71,37,16.88,11574160.187493,172054.611063577,0.609,STP,2.4,1316,0.05,12.4,75.1,2.96,Africa
SAUDI ARABIA,10754.756,15832.292,5731.014,1783.197,167.27,34268.529,45.9,539129,1548.6,8419,24.18,15732481.5430508,245677.30934701,0.857,SAU,15.8,19390,2.61,35.4,84.5,1.69,Middle East
SENEGAL,8693.215,5450.939,1370.409,720.018,61.781,16296.362,40.3,70854,423.16,1614,9.64,4347841.56120243,99040.509777581,0.514,SEN,2.4,1500,0.07,8.8,3.59,48.6,Africa
SERBIA,1879.221,2959.772,1723.833,1857.564,351.838,8772.228,36.2,733332,10587.03,7174,103.57,83597006.3705594,817808.201063629,0.799,SRB,9,7197,3.11,21.5,0.04,56.7,Europe
SEYCHELLES,29.558,35.81,20.164,10.548,1.661,97.741,46.8,19224,19547.11,98,99.65,196683070.564042,1002649.8603452,0.801,SYC,12.3,12599,2.12,14,0.99,58,Africa
SIERRA LEONE,4035.295,2720.953,695.102,334.822,27.035,7813.207,35.7,6342,79.5,121,1.52,811702.544166563,15486.5985247799,0.438,SLE,2.4,468,0.03,8.7,43.4,3.02,Africa
SINGAPORE,998.716,2216.96,1435.754,1022.763,130.15,5804.343,45.9,66225,1131.99,44,0.75,11409560.0483982,7580.53064748241,0.935,SGP,5.5,56349,2.29,6.1,0.74,100,East Asia/Southeast Asia
SLOVAKIA,1111.158,1994.498,1104.984,1067.773,178.599,5457.012,25.2,393610,7211.78,12546,229.87,72129216.5016313,2299060.36490299,0.857,SVK,6.5,20008,3.42,20.5,0.17,53.8,Europe
SLOVENIA,405.048,658.606,448.876,453.597,112.527,2078.654,24.2,261484,12476.21,4764,227.31,125794865.331123,2291867.71824459,0.902,SVN,5.9,25759,3.09,20.2,0.54,55.4,Europe
SOLOMON ISLANDS,337.421,226.314,68.976,33.542,3.568,669.821,37.1,20,2.91,0,0,29858.7234499963,0,0.557,SLB,19,1632,0.19,22.5,3.57,25.1,Australia - Oceania
SOMALIA,8931.71,4611.339,1197.236,651.703,50.918,15442.906,,16399,103.18,892,5.61,1061911.53400791,57761.1493588059,0.361,SOM,5.1,888,0.02,8.3,46.7,4.2,Africa
SOUTH AFRICA,21822.22,23862.453,7951.633,4499.221,422.74,58558.267,63,2613569,4406.72,77440,130.57,44631938.9882218,1322443.50742142,0.705,ZAF,12.7,6748,0.91,28.3,1.72,67.8,Africa
SOUTH KOREA,9127.509,17985.051,12782.631,9580.36,1749.77,51225.321,35.4,,,,,,,0.906,,,28361,2.36,4.7,81.4,0.31,East Asia/Southeast Asia
SOUTH SUDAN,5787.124,3722.424,983.148,519.658,49.76,11062.114,46,11207,100.12,120,1.07,1013097.49655446,10847.8361369265,0.413,SSD,10.2,1420,,6.6,4.12,20.5,Africa
SPAIN,9022.756,14860.972,10829.59,9122.212,2901.252,46736.782,34.7,4719266,9970.43,82595,174.5,100975415.89406,1767237.63309164,0.893,ESP,6.9,29600,3.87,23.8,81.1,0.24,Europe
SRI LANKA,6753.296,7299.266,3873.789,3046.793,350.59,21323.734,39.8,362074,1690.89,6206,28.98,16979859.1559996,291037.207648529,0.78,LKA,10.7,3846,1,5.2,18.9,1.22,South Asia
SUDAN,21883.796,14412.183,4120.171,2183.18,213.907,42813.237,34.2,37556,85.65,2780,6.34,877205.337218487,64933.1887705664,0.507,SDN,22.1,1940,0.26,6.6,35.6,3.43,Africa
SURINAME,206.939,212.43,100.98,53.223,7.791,581.363,,26593,4533.17,683,116.43,45742505.1129845,1174825.36728344,0.724,SUR,12.5,7068,1.21,26.4,0.88,66.2,South America
SWAZILAND,561.627,428.147,92.657,58.637,7.065,1148.133,54.6,36514,3147.31,942,81.2,31802935.7226036,820462.437714098,0.608,SWZ,4.5,4690,0.33,16.5,24.4,2.42,Africa
SWEDEN,2297.477,3207.568,1944.513,2064.727,522.106,10036.391,28.8,1110147,10749.33,14658,141.93,110612171.247613,1460485.14849611,0.937,SWE,4.8,56068,3.98,20.6,88.2,0.89,Europe
SWITZERLAND,1711.462,2824.658,1920.739,1685.87,448.632,8591.361,32.7,737686,8523.61,10370,119.82,85863694.9372748,1207026.45366665,0.946,CHE,5.7,80132,4.3,19.5,74,0.79,Europe
SYRIA,6869.126,6934.457,2025.291,1104.128,137.13,17070.132,55.8,26409,150.9,1940,11.09,1547088.21232314,113648.798966522,0.549,SYR,13.5,2900,1.29,27.8,5.38,56.1,Middle East
TAJIKISTAN,4262.51,3451.258,1089.958,470.474,46.823,9321.023,34,16575,173.79,125,1.31,1778238.28993878,13410.5451729923,0.656,TJK,6.1,1147,2.1,14.2,27.7,2.73,Central Asia
TANZANIA,31626.528,19100.286,4851.666,2266.349,160.632,58005.461,40.5,1367,2.29,50,0.08,23566.7465861533,861.987804906852,0.528,TZA,5.7,976,0.01,8.4,4.89,36,Africa
THAILAND,16177.967,24380.647,16215.494,11004.438,1847.035,69625.581,36.4,948442,1358.8,7973,11.42,13622033.5454005,114512.509418054,0.765,THA,7,6094,0.81,10,52.2,1.43,East Asia/Southeast Asia
TIMOR LESTE,633.077,435.831,140.372,76.402,7.438,1293.12,28.7,12929,980.62,38,2.88,9998298.68844345,29386.290522148,0.626,TLS,6.7,4031,0.72,3.8,31.7,3.31,East Asia/Southeast Asia
TOGO,4177.133,2780.373,748.801,354.56,21.492,8082.359,43.1,18086,218.46,168,2.03,2237713.0241307,20786.0106189294,0.513,TGO,2.4,693,0.08,8.4,43.4,3.6,Africa
TONGA,47.901,34.066,13.443,7.909,1.178,104.497,37.6,0,0,0,0,0,0,0.717,TON,15.7,6496,0.54,48.2,23.1,0.99,Australia - Oceania
TRINIDAD AND TOBAGO,370.928,530.321,265.316,201.961,26.443,1394.969,39,41866,2991.52,1180,84.32,30012136.4704162,845896.933910359,0.799,TTO,11,13708,4.17,18.6,0.23,53.3,Central America
TUNISIA,3620.554,4485.888,2060.809,1326.139,201.331,11694.721,32.8,625688,5294.09,21905,185.34,53501746.6427801,1873067.3438041,0.739,TUN,8.5,3984,1.3,26.9,69.9,1.34,Africa
TURKEY,27087.438,31747.634,13975.111,9185.05,1434.374,83429.607,41.9,6096816,7228.93,53324,63.23,73077366.887273,639149.600692713,0.806,TUR,11.1,15226,1.85,32.1,76.6,1.11,Middle East
TURKMENISTAN,2306.188,2330.828,839.668,413.437,51.973,5942.094,40.8,0,0,0,0,0,0,0.71,TKM,6.1,8005,2.23,18.6,53,2.23,Central Asia
UGANDA,25649.952,14133.069,3075.604,1321.635,89.327,44269.587,42.8,97124,212.33,2893,6.32,2193921.5290172,65349.6044586998,0.528,UGA,2.5,958,0.17,5.3,25.6,5.41,Africa
UKRAINE,8967.685,15717.968,9026.171,8432.174,1849.645,43993.643,26.1,2267219,5184.14,53296,121.86,51535150.2034055,1211447.75394027,0.75,UKR,6.1,3116,2.99,24.1,69.8,-0.27,Europe
UNITED ARAB EMIRATES,1841.459,6171.226,1484.384,261.686,11.771,9770.526,32.5,702885,7106.74,2003,20.25,71939320.3600297,205004.316041941,0.866,ARE,16.3,41420,2.53,31.7,1.5,87.3,Middle East
UNITED KINGDOM,15634.443,22104.968,13492.259,12879.932,3418.559,67530.161,34.8,6295617,9273.81,130979,192.94,93226743.5287175,1939562.97542368,0.92,GBR,3.9,39103,2.81,27.8,0.8,84.2,Europe
UNITED STATES OF AMERICA,82289.916,110310.707,62694.553,60854.332,12915.409,329064.917,41.1,36547639,11041.49,616711,186.32,111065133.692146,1874131.72337664,0.92,USA,10.8,53749,2.61,36.2,82.9,0.96,North America
UNITED STATES VIRGIN ISLANDS,27.137,28.181,21.092,24.483,3.686,104.579,,5295,5070.62,41,39.26,50631579.9539104,392048.116734717,0.894,VIR,12.3,36350,,,,,
URUGUAY,956.417,1205.985,606.554,538.437,154.338,3461.731,39.7,383292,11034.02,6003,172.81,110722641.360637,1734103.54530725,0.808,URY,7.3,13431,5.08,27.9,95.6,0.4,South America
UZBEKISTAN,12035.398,13515.44,4804.879,2356.71,269.288,32981.715,36.8,144764,432.53,987,2.95,4389219.90563559,29925.6724521451,0.71,UZB,6.5,2457,2.37,16.6,1.25,50.4,Central Asia
VANUATU,144.76,105.385,32.471,15.637,1.629,299.882,37.6,3,0.98,0,0,10003.9348810532,0,0.597,VUT,11.9,2540,0.17,25.2,25.7,2.55,Australia - Oceania
VENEZUELA,10292.801,10267.772,4653.437,2901.763,400.056,28515.829,39,319094,1122.15,3799,13.36,11190065.7000012,133224.2523968,0.726,VEN,7,14025,,25.6,1.16,88.3,South America
VIETNAM,28867.553,38804.797,17353.782,9562.522,1873.454,96462.108,35.7,283696,291.45,6141,6.31,2941009.74861549,63662.3035441025,0.693,VNM,6,2123,0.83,2.1,2.7,38.1,East Asia/Southeast Asia
YEMEN,14585.766,10905.49,2333.619,1236.095,100.952,29161.922,36.7,7308,24.5,1405,4.71,250600.766300657,48179.2660991275,0.463,YEM,5.4,632,0.53,17.1,3.71,38.5,Middle East
ZAMBIA,9995.38,5961.552,1299.655,559.205,45.242,17861.034,57.1,202429,1101.12,3538,19.25,11333554.3731679,198084.836521783,0.591,ZMB,4.5,1558,1.19,8.1,45.2,4.15,Africa
ZIMBABWE,7768.671,5036.634,1169.634,607.735,62.799,14645.473,44.3,120532,810.96,4138,27.84,8229983.42218104,282544.647072853,0.563,ZWE,1.8,1059,0.21,15.5,2.41,32.3,Africa
