PAIS,0-4,5-9,10-14,15-19,20-24,25-29,30-34,35-39,40-44,45-49,50-54,55-59,60-64,65-69,70-74,75-79,80-84,85-89,90-94,95-99,100+
AFGHANISTAN,5672736,4897366,4314247,3878103,3910611,3178442,2486682,1855834,1586014,1343212,1070378,838803,630704,445808,286601,157984,66960,19523,3456,334,17
ALBANIA,196416,181246,163448,211389,261860,286894,272988,219667,173551,169530,169777,188690,178512,137018,95854,82111,52677,23381,7618,1766,186
ALGERIA,4411359,4453376,3846205,3036987,2949353,3560644,3578817,3519511,3086863,2521873,2169847,1794179,1390423,1005956,689153,425679,286939,167387,61639,14318,2370
AMERICAN SAMOA,4479,4573,4673,4938,4041,4328,3025,2619,2717,2810,3035,2702,2086,1396,926,523,328,156,62,17,3
ANDORRA,3181,3844,4427,4587,4114,3929,3851,5442,7427,8322,8017,7521,6106,4717,3801,2690,1679,1130,630,201,19
ANGOLA,6064889,5193191,4298425,3391807,2668933,2246699,1913738,1605183,1338694,1082355,855412,652888,461878,304119,204489,138964,70944,24129,5005,565,32
ANGUILLA,1310,1317,1286,1281,1234,1164,1272,1218,1256,1360,1376,1273,974,642,462,305,186,103,47,18,6
ANTIGUA AND BARBUDA,7485,7363,7266,7645,8207,7385,6925,6769,6642,6494,6709,5867,4674,3382,2373,1444,830,464,192,54,9
ARGENTINA,3651814,3703234,3568863,3515740,3390602,3352209,3287777,3216071,3170627,2683023,2298982,2137555,1985680,1760444,1408367,1030300,700481,402696,167972,41426,5255
ARMENIA,186111,195209,181969,167233,184222,235037,273754,247281,196869,174643,172938,216947,208387,145640,86894,50651,62633,24773,9077,985,71
ARUBA,7121,7000,6840,6736,7670,7882,8025,8688,7858,7916,8047,9491,8177,6640,4787,3199,2012,970,304,56,9
AUSTRALIA,1573566,1613045,1580513,1532917,1750130,1909110,1852540,1788398,1670366,1708282,1551185,1499262,1392388,1231459,1080789,734347,493015,293653,154288,48951,8255
AUSTRIA,420152,413284,407432,427896,490273,583286,590623,600224,556109,617136,715995,699421,577310,462401,411627,366920,262735,146758,76790,28538,4539
AZERBAIJAN,758476,792792,779332,645219,698993,927568,944724,800433,672668,634572,642478,652196,511986,303877,170793,88989,110510,49546,17472,2872,314
BAHRAIN,94382,92719,90625,101101,127026,152641,164309,168874,152619,118494,87976,60863,42768,22236,11130,7386,5294,3018,1197,295,50
BANGLADESH,14300676,14277217,14499332,14870280,15318140,13847840,12752878,11639991,10397171,9541909,8050121,6689387,5368294,4225952,3082714,2033117,1121967,477083,133196,21860,1728
BARBADOS,16755,17170,17601,18125,18229,20288,19947,21054,19924,21670,22865,21438,19525,15582,9785,6655,4128,2339,1093,326,61
BELARUS,481853,528159,514592,446140,463048,602989,785650,790209,702834,669977,612899,693627,675675,517205,368982,218578,225053,115980,52491,10962,1015
BELGIUM,661427,676101,680479,643229,669640,740645,769857,774781,756686,765130,791128,804693,735663,636613,559089,384824,318057,214527,101541,31985,4621
BELIZE,43629,43775,42750,41992,33929,35303,30564,25891,22783,18954,17245,14101,10578,7724,4668,2754,1782,896,248,31,1
BENIN,2347789,1916961,1596725,1408273,1211060,976638,781607,639478,542944,453008,277393,222235,182740,130315,88137,52911,25099,8944,2081,276,20
BERMUDA,4008,3967,4006,4237,4288,4367,4212,4073,3741,4044,4896,6083,5662,4518,3497,2595,1694,1125,520,176,41
BHUTAN,62844,63487,65522,68536,70443,74664,76400,67358,54365,42564,34523,27708,22286,17695,13957,10080,6135,2794,817,129,11
BOLIVIA,1174795,1175518,1181177,1161456,1074727,1017415,949193,837110,689170,561532,447564,383299,322050,250044,182603,118591,64570,33222,12847,2716,310
BOSNIA AND HERZEGOVINA,167289,170497,167886,180414,235119,240762,283981,287367,285338,300021,310111,306824,277759,233595,159075,101023,83139,34912,9184,1227,63
BOTSWANA,236794,237868,232953,217001,207285,203022,180217,170935,147787,119841,97378,77965,59320,44891,33763,25769,15730,6669,1782,246,17
BRAZIL,14309862,14719634,15668156,17007367,16997577,16401130,16852209,17196235,15700884,13911821,12737601,11427309,9286826,7231416,5250879,3485210,2117806,1005644,336958,65250,6199
BRITISH VIRGIN ISLANDS,2131,2111,1960,2144,2541,3094,3284,3156,3002,2756,2752,2606,2071,1487,1046,642,351,161,68,15,3
BRUNEI,37039,34731,32329,34761,40192,42869,45249,40850,36464,29678,24172,20378,18366,12990,7122,3605,2252,1052,313,60,6
BULGARIA,301038,337105,373553,330700,323847,386638,489440,521746,571106,535678,482065,460198,456219,436012,398028,265549,175753,94682,24235,3172,135
BURKINA FASO,3350869,3057215,2672217,2357050,1878175,1609418,1382450,1157530,866007,593093,508049,416967,327466,252009,175194,124205,65897,32708,7677,1124,81
BURMA,4760881,4990500,4946821,4789859,4831675,4736446,4386918,4413155,3996304,3502107,3164523,2610544,2041753,1417579,926293,600527,318249,121825,29966,3896,250
BURUNDI,1929984,1717294,1553187,1286550,1058274,872225,742955,618791,501759,401062,325360,272252,222967,167759,96337,54142,30300,11720,2572,312,19
CABO VERDE,54054,54126,54842,54304,54721,54767,50804,43288,33428,27459,27988,24429,17107,10947,6241,5924,5383,2541,779,112,11
CAMBODIA,1747729,1716864,1643453,1504661,1420892,1629403,1596405,1385334,797323,823177,795001,664692,424575,323127,215809,131481,71401,27613,7067,929,48
CAMEROON,4448648,3855060,3444158,2995828,2563421,2221858,1879021,1512017,1192190,936502,759046,602146,471426,354180,246636,152297,76538,27287,5981,709,40
CANADA,1932416,2024762,2068783,1999964,2199113,2528120,2612321,2586870,2459936,2362461,2456583,2740883,2566449,2161388,1786512,1215414,836003,597474,346223,138081,74329
CAYMAN ISLANDS,3787,3658,3547,3578,3770,4117,3975,4137,4246,4527,4627,4854,4299,3381,2298,1463,924,486,199,58,13
CENTRAL AFRICAN REPUBLIC,875416,783633,706591,633493,558149,497259,437059,347819,272120,223386,196453,147550,111174,76485,54984,38417,20650,8103,1869,231,14
CHAD,3068725,2650242,2285951,1885424,1451488,1189509,1120671,821188,595092,478564,374647,304550,241561,177018,118951,68317,31828,10890,2418,304,19
CHILE,1196495,1208869,1194000,1180848,1336100,1441850,1409695,1310889,1160480,1194348,1225843,1199820,979251,732156,558911,406518,250025,129681,56250,12637,2104
CHINA,82832536,80530944,77715286,74503800,85502189,101347754,126191430,99479184,92484264,114227816,118770840,95420349,72964803,69956093,45440868,27920363,17538651,8401852,2391229,370526,25200
COLOMBIA,3758083,3799412,3863052,3940464,4097827,4146772,3902618,3445038,3078514,3028373,3034624,2685175,2188703,1614217,1090339,700366,418290,204407,71484,15301,1782
COMOROS,97490,104023,108942,98052,77578,64024,57759,53314,43975,41602,26988,21493,16525,13141,9987,6390,3371,1283,297,43,4
CONGO (BRAZZAVILLE),792757,739896,667563,489832,417353,382260,345400,321134,289771,244110,190380,140161,102856,70908,46183,28661,15979,6168,1479,204,15
CONGO (KINSHASA),18218457,15974604,13013293,10557592,9207935,7798366,6268160,5044705,4031659,3185869,2553606,1946541,1470155,1070488,734517,430874,194870,64297,12811,1390,74
COOK ISLANDS,556,557,596,637,640,599,441,389,440,641,719,695,518,384,308,217,139,68,23,5,2
COSTA RICA,378826,379384,367323,371841,402638,423899,435420,402263,350685,319856,310055,280989,228125,168336,118982,78522,46554,23490,8636,1909,255
COTE D'IVOIRE,3671905,3467353,3448932,2993329,2560057,2274896,2059373,1675951,1426113,1204642,945268,534935,435125,342566,232462,128374,58103,18059,3311,316,16
CROATIA,187771,200591,210302,204006,251091,245805,270428,304633,303908,282576,274181,290596,311355,294577,215231,130555,121860,82485,34997,9633,1165
CUBA,591233,629512,586217,635234,670403,687303,795582,711815,590779,867151,986843,937108,622791,499799,447583,356843,241152,128056,54701,15889,3068
CURACAO,10047,9776,9957,9969,10275,11196,10853,9732,7065,8157,8319,10901,10102,8505,6775,4549,2924,1509,576,140,18
CYPRUS,68963,67195,62613,67074,88637,108130,107104,108706,97252,89184,86501,80425,70562,56315,44875,31143,18235,9273,3541,830,118
CZECHIA,497537,545038,581200,491013,493162,647798,729977,768175,920079,873103,693541,660821,636284,674264,610478,415493,239389,145010,62450,16128,1558
DENMARK,317657,306280,339874,346052,377482,402554,366510,336073,361996,396156,408718,394797,346690,319762,320859,248291,150839,80206,35730,11063,1821
DJIBOUTI,97103,90618,88568,91052,96302,95905,82463,66491,54484,42326,33753,26596,19579,15278,10612,6309,3032,1061,240,30,2
DOMINICA,5417,5375,5103,4752,5011,6000,5552,5553,4514,4248,5903,4264,3556,3086,2167,1612,1137,656,266,63,8
DOMINICAN REPUBLIC,943709,937740,937704,964821,940797,888532,821472,737591,651116,596776,561561,484618,372932,269569,186790,114295,60424,22808,5777,633,42
ECUADOR,1431557,1453240,1479662,1498273,1511494,1415380,1329161,1208792,1091404,939880,829295,730553,608924,484215,349668,250776,161457,87219,34475,8328,1114
EGYPT,13510002,12047580,9444123,9193508,9562092,9394447,8295329,6633695,5755598,4918404,4411684,3562511,2770471,1958417,1273822,801728,403237,146848,36028,4626,290
EL SALVADOR,587438,553284,533617,577321,642548,612513,515764,443362,403031,349597,301441,258900,209590,169430,130794,93964,58117,28848,9666,1722,155
EQUATORIAL GUINEA,116711,107814,99292,89386,77314,66102,56430,47683,39927,34131,29332,22738,16520,12226,9237,6420,3408,1202,269,34,2
ERITREA,791724,769497,763695,687411,562619,455854,398335,369089,331024,277643,200298,129886,100941,88065,69646,47562,26066,9487,2100,240,14
ESTONIA,61173,67261,70873,56962,51900,65091,91216,88239,84063,84905,82141,83769,83058,74661,62550,45624,40723,21975,9834,2355,251
ESWATINI,125932,125465,120051,108550,98133,111041,104413,82459,60889,42979,34030,26762,21439,16533,12188,7725,4040,1491,323,34,2
ETHIOPIA,15855641,14395888,12787251,11338472,9709800,8599192,7582926,6515428,5282715,4229135,3378442,2690737,2093188,1551640,1056164,621029,299625,101881,21516,2354,126
FAROE ISLANDS,3638,3269,3260,3553,3620,3873,3567,2437,2806,3032,3390,3200,2995,2638,2385,1780,1050,661,340,111,23
FEDERATED STATES OF MICRONESIA,9568,9784,10236,10294,9112,8290,7992,7778,6791,5709,4738,4058,3356,2415,1328,539,258,139,41,9,1
FIJI,82131,83992,85249,73108,72024,72682,71437,73424,65001,52543,49115,48152,38424,28174,19797,12023,5925,2147,536,82,8
FINLAND,297576,305763,310886,298216,311680,353424,350102,361989,348532,316670,351154,367603,357694,355085,350318,221071,158318,94953,45704,12934,1993
FRANCE,4072165,4180021,4201899,4101665,3960254,3920974,4037397,4098391,3992369,4491352,4445286,4343289,4118547,3903382,3590194,2260466,1853166,1365111,682616,204726,24886
FRENCH POLYNESIA,20921,21346,21753,21883,21550,23778,24726,22106,19971,20071,19905,16953,13480,10066,6912,4858,2882,1379,457,106,18
GABON,274521,268792,269944,254663,233856,206143,159843,117905,88491,77348,74949,66142,49562,33519,23615,16103,9914,4341,1086,159,12
"GAMBIA, THE",270620,261808,249313,227490,209331,195614,169544,142501,116414,88235,67154,53717,42040,31999,23208,14425,7227,2662,612,79,6
GAZA STRIP,273761,272280,269723,228589,187036,162984,125365,92242,77562,58493,48607,40114,30026,20956,14115,8120,4909,2475,724,127,13
GEORGIA,294943,317381,295581,253049,284351,364860,393578,349817,309277,296928,286835,337811,314956,258099,176515,123599,142372,74539,43028,10505,2006
GERMANY,3460896,3430925,3436892,3677824,4189059,4551949,5103606,4906098,4701761,5023693,6636638,6824744,5789166,4967012,3911232,3683372,3241912,1601991,749959,234078,36855
GHANA,4029284,3664007,3292584,2909316,2560766,2246492,2052724,1837652,1520856,1296147,1100073,863727,664547,506475,353363,232708,133591,57422,15924,2386,204
GIBRALTAR,2033,2025,1929,1866,2000,2477,2246,2136,2036,1833,1483,1190,1387,1457,1438,811,658,340,155,63,18
GREECE,455883,512624,572320,535949,561004,562422,609028,679315,773896,788467,787310,711829,677511,613839,567976,451884,398497,241218,87440,16757,1882
GREENLAND,4041,3996,3958,4012,4311,4750,4322,3501,2910,2791,4609,4817,3630,2405,1582,1099,525,247,91,16,3
GRENADA,8474,8902,8897,8225,7768,8335,9624,8003,6549,6746,6034,7071,6153,4367,3293,2287,1466,658,211,30,1
GUAM,15743,15434,14693,13786,13308,12630,10966,9266,8965,9886,10038,9921,7768,6234,4690,2432,1718,777,196,32,2
GUATEMALA,1979293,1955811,1842473,1721583,1667693,1529930,1305838,1091518,941583,786365,597515,510738,417422,323370,225952,142221,71697,30897,9682,1583,124
GUERNSEY,3212,3220,3288,3270,3822,4319,4486,4276,4251,4698,5283,5038,4325,3714,3700,2292,1786,1129,633,247,63
GUINEA,1991347,1687997,1481795,1313093,1106927,931140,799127,679590,573007,479960,401294,329393,263475,198819,141454,87190,43265,15023,3178,347,19
GUINEA-BISSAU,315235,270357,246323,213347,179474,150763,126586,106499,85051,69239,44665,31386,28824,24098,16472,10471,5671,2144,446,50,3
GUYANA,55260,57305,66777,78822,80459,68668,53253,46715,44812,42733,40029,34759,28012,22947,13549,8395,4731,2117,706,140,15
HAITI,1149694,1139488,1165345,1155468,1136386,1033741,895336,754894,626003,522135,423394,331279,254935,193205,138009,86532,43125,15010,3383,389,26
HONDURAS,869419,928146,991291,1010173,931972,812356,695770,624970,547713,449299,359932,282861,232399,182695,134295,90449,55997,26175,7911,1397,120
HONG KONG,320987,343866,263595,276778,361955,456614,468079,535561,528774,539314,564157,653971,596127,459076,339256,190543,164894,118595,52413,13521,1831
HUNGARY,441469,475101,504711,499834,519487,607659,624279,646258,821802,767122,653307,559095,629888,656233,501843,379948,250556,147757,64144,18463,2871
ICELAND,23567,23836,23828,22000,23065,24868,24113,23840,22822,21867,20812,21496,20377,17223,13786,9548,6093,4301,2315,799,178
INDIA,116320763,116134270,116406628,116858691,115304620,109224567,102428612,96469265,89655837,82377295,70962410,58373273,46518582,35362221,25140011,16061770,8403793,3200789,778026,104828,6996
INDONESIA,20478078,21201103,22058099,22512791,22234259,20550374,19563470,19746467,19650474,18844167,15304197,12950896,11050947,8286591,4935752,4053622,2280967,967794,307901,42888,5529
IRAN,7129219,6962185,6381468,5782851,5560744,7617982,8724849,8314210,6898920,5396027,4610434,3597370,2960124,2100044,1286720,790058,494379,237583,65934,11592,621
IRAQ,4885578,4896541,4609154,4140946,3565644,3019970,2895505,2532821,2120989,1786297,1478843,980748,663786,578632,349989,204654,104702,42581,13520,1697,58
IRELAND,352050,377682,365176,321329,303782,305158,341277,411982,415677,379915,329843,298793,258541,223582,190093,132327,87727,50925,22750,6844,1116
ISLE OF MAN,4880,4916,4938,4849,5121,5380,5124,5081,5369,6434,6823,6706,5797,5170,5060,3610,2544,1541,810,289,57
ISRAEL,754690,804033,762461,705286,654577,609137,583758,558762,538539,501237,436228,381309,347662,324876,266382,173802,124989,86547,43823,14736,2641
ITALY,2661512,2796052,2932599,2957462,3037704,3315948,3545863,3946177,4516718,5106839,5067833,4740561,3996755,3495503,3320370,2534457,2114250,1335855,688561,248544,43096
JAMAICA,225479,234435,247721,254086,249943,218686,193235,170297,156287,163818,166670,149989,120343,88310,66588,49330,31838,15834,4891,729,61
JAPAN,4790505,5270112,5610333,5746194,6143535,6122481,6530651,7454375,8239595,9449453,8387970,7721272,7413527,8359661,9119993,7181210,5378653,3782114,1992075,673178,140585
JERSEY,6167,5452,5194,5581,7537,8520,8540,6369,4327,5431,7366,7238,6121,5034,4462,2953,2336,1398,712,269,66
JORDAN,1189896,1215145,1171590,1111006,1028373,944179,837147,727304,631486,555487,458721,330221,223239,151196,110682,75089,40255,15466,3597,525,40
KAZAKHSTAN,1625476,1737119,1626088,1250083,1225328,1549496,1672632,1447353,1228765,1155388,1009399,1051230,904873,665341,386298,222259,230869,62285,34802,6074,791
KENYA,6949387,6892673,6881169,6058220,4888793,4029157,3832192,3567116,2923427,2106317,1609944,1232907,913600,672937,452397,284063,154624,61423,15375,2080,135
KIRIBATI,10814,10327,10686,10940,11690,10276,9754,8003,6161,5047,5538,4329,3105,2127,1474,844,459,175,41,5,1
KOSOVO,148796,155757,160578,163747,163882,156241,176656,149418,123923,110370,105901,94350,73272,54430,38770,27564,18002,8322,2413,354,28
KUWAIT,267005,245381,214904,187717,260279,343857,346918,307023,249472,183127,138048,97912,64697,38703,23341,13749,7425,3030,913,181,24
KYRGYZSTAN,614857,619476,578259,464992,471527,520157,523589,439617,340275,296931,266774,261419,221055,151721,85314,36628,45898,17881,7433,1024,70
LAOS,790859,774021,762144,785302,748952,690462,600055,505543,410878,350340,294319,226947,199863,125315,86017,54459,28290,10812,2495,304,19
LATVIA,92109,95248,100791,87808,81529,111741,138571,127237,119918,131901,130808,143811,134138,111375,89185,80129,62563,29858,10556,1815,141
LEBANON,337277,381740,416173,411728,407368,434703,466529,471722,439906,395685,344978,293350,232973,160739,90332,82126,65536,27861,7648,1162,76
LESOTHO,212838,204333,199141,196554,182772,179544,178757,164982,116436,69950,55555,52236,45931,36866,29261,20694,13819,7127,2150,357,31
LIBERIA,834024,724746,640580,548756,483517,337949,342712,298021,230980,175832,137104,100596,74785,54640,40378,27006,14578,5607,1313,163,9
LIBYA,806771,819231,692837,549673,498300,488309,543005,554158,524934,427079,327062,227194,153279,100147,81604,49049,29643,13657,3940,615,48
LIECHTENSTEIN,2006,2009,1932,2085,2334,2389,2440,2531,2499,2751,3131,2987,2654,2278,1983,1503,836,471,220,85,13
LITHUANIA,136104,142400,138246,131581,147920,168780,182929,171581,163622,185168,192111,214194,198245,153134,127784,111108,87511,49081,14843,2717,12405
LUXEMBOURG,35938,34677,34488,34826,39181,44591,47865,47838,46413,44426,44933,41886,34740,28468,23108,16904,12912,8351,4642,1689,505
MACAU,26182,27718,28600,30809,33390,46501,53314,52371,48914,46902,53062,47889,41630,29836,18274,11155,7735,5541,2976,1179,480
MADAGASCAR,3780648,3507389,3186837,2839110,2568163,2259668,1884282,1551376,1276441,1037105,890966,701648,537031,386244,265058,155140,82722,35446,9118,1259,86
MALAWI,3773032,3201263,2747795,2342959,2004397,1617180,1284592,1086893,848559,627086,462821,352750,279145,222164,166310,102197,51459,19998,5306,682,41
MALAYSIA,2938839,2916715,2895689,2816000,2614430,2509470,2402301,2364330,2212338,2020742,1833421,1594238,1282080,931614,601921,370538,210367,96553,32039,7407,1051
MALDIVES,30703,29002,27032,29027,38544,46175,44300,35039,26103,21502,18563,15635,11430,6117,4382,3976,2609,1267,415,75,8
MALI,3609399,3123948,2592459,2082784,1631570,1324457,1097349,921962,781494,594355,482779,396837,323043,231821,166369,109675,57023,20565,4874,598,36
MALTA,22838,21945,20974,21045,26211,31736,34670,33973,32672,29453,25445,28472,30414,27896,28686,18241,11971,6778,2840,825,182
MARSHALL ISLANDS,8600,8546,8519,7829,7047,5195,6612,6225,4478,3565,3029,2470,2140,1692,1010,540,267,107,36,9,1
MAURITANIA,538645,502362,463452,417530,372072,325453,284347,244231,204386,163491,136303,111025,85064,63521,44972,27570,14247,5363,1265,164,12
MAURITIUS,86961,89152,92010,96378,97574,106807,96589,103755,108435,88218,90881,92568,77169,61845,41693,23354,14577,7494,3058,765,82
MEXICO,11223270,11170025,11067671,11002622,10829422,10483064,9973157,9042984,8435123,7996495,6897120,5885425,4777799,3426865,2546376,1850617,1188488,598357,209211,40960,4514
MOLDOVA,192206,215042,208668,185155,194175,236931,292662,273788,239918,220279,187417,221056,225192,184753,118211,71883,59369,26479,9629,1584,99
MONACO,887,849,1176,1476,1468,1342,1328,1171,1406,1925,2251,2392,2395,2254,2297,2230,1768,1066,576,404,279
MONGOLIA,278524,305702,269894,226365,246589,271387,309408,255763,227984,199533,170740,147947,106742,62660,36480,25948,15563,7908,2432,416,41
MONTENEGRO,36303,36263,38053,38548,39392,37191,40233,42198,41778,40305,40130,41377,40392,35695,26291,15793,11863,4758,2334,809,153
MONTSERRAT,290,291,280,371,733,358,378,519,500,420,355,310,216,126,88,65,45,21,6,0,1
MOROCCO,3180781,3242217,3191961,3044376,2839855,2738962,2777404,2630980,2327011,2112509,1865624,1668470,1413616,1020040,647521,447264,270514,111040,27592,3675,242
MOZAMBIQUE,5173526,4656001,3887646,3256912,2735544,2223567,1843574,1550797,1217002,960642,717534,555602,439282,339634,248011,164883,87937,32465,6897,707,34
NAMIBIA,325057,314967,298366,281617,251371,229690,193889,166921,139620,114080,88743,71460,51748,37668,27282,19010,12236,5187,1030,124,7
NAURU,1049,1062,910,838,762,716,977,877,633,505,457,388,270,207,88,25,14,4,3,0,0
NEPAL,2745826,2860090,2994512,3135690,3211584,2885557,2229752,1888714,1747975,1586564,1300356,1104711,909485,708349,484517,301072,159588,58679,13098,1667,91
NETHERLANDS,932505,919531,932405,1011182,1046581,1106109,1094210,1029143,1006772,1140800,1270268,1245841,1120429,994731,949134,628606,431691,259370,118955,36410,5724
NEW CALEDONIA,20805,20943,21298,21915,23412,23693,22082,21158,20843,20423,18625,14771,11497,9725,7745,5377,3296,1624,597,154,26
NEW ZEALAND,311210,322699,332746,308771,327688,358388,357349,322727,295189,316598,319172,310274,277407,234586,202931,142123,95515,55313,26690,7250,851
NICARAGUA,519489,521797,548429,591994,618535,645343,519370,459410,388954,328701,288957,234596,176761,134486,95048,66550,40082,18400,5619,865,55
NIGER,4585129,3746737,3187051,2586965,1965990,1453092,1144194,931675,755681,594549,487396,406622,315984,229784,172126,117142,61809,23380,6213,797,45
NIGERIA,32867416,29467534,26911557,23851246,19530167,15584793,13470183,11892592,10028572,8081634,6437613,5028434,3813677,2876077,2065739,1265958,606377,202879,41245,4381,228
NORTH KOREA,1799113,1730069,1719514,1829568,1934322,2049859,1886883,1732137,1559759,1956368,2098474,1579971,1292314,697730,775627,538660,309136,118564,30622,4499,277
NORTH MACEDONIA,113649,115845,114051,122581,146439,154056,162985,167561,163274,152633,144827,138309,128478,112464,81960,54677,34434,14692,2730,310,16
NORTHERN MARIANA ISLANDS,3729,3840,5302,4672,3703,3281,2033,2047,3141,4070,4687,4007,3200,1931,1054,410,206,89,29,2,0
NORWAY,331178,324653,326083,314756,342561,377463,389474,365105,349306,372995,373776,337486,309777,277841,260172,182037,114187,69868,35670,11308,1743
OMAN,407986,374177,313577,295666,334850,373878,368810,340904,262050,167663,115328,82762,63223,48999,36967,25371,13982,6083,1957,408,48
PAKISTAN,29778193,28245207,26050219,23773611,21298570,18979815,16636153,14245798,12091648,10150106,8927907,7214091,5736558,4139271,2808436,1923304,1037243,374552,80029,9387,538
PALAU,1190,1263,1598,1785,1654,1947,1767,1501,1420,1600,1595,1348,968,744,445,353,284,156,54,12,1
PANAMA,330452,330609,334275,322031,324015,301278,287180,264811,258668,239043,218587,186612,145834,118007,92124,66642,40598,21495,8907,2476,438
PAPUA NEW GUINEA,783951,772129,765817,746997,695620,611001,522889,452259,464057,380287,304553,240826,182420,139305,96643,56356,30215,10976,2766,368,21
PARAGUAY,566849,546179,570745,605928,667997,681136,613524,524206,457650,421846,367181,322677,279313,205578,146530,104442,60744,32341,13171,3208,440
PERU,2691803,2715409,2709319,2696236,2796182,2844794,2490911,2170852,2034870,1877823,1675504,1453299,1189004,946377,691473,473908,286069,127928,36678,6035,515
PHILIPPINES,12092081,11791990,11508686,10894359,10029013,8964185,8143180,7380042,6481602,5343343,4492542,3746368,3003418,2253501,1454194,899257,472497,181075,43203,5863,416
POLAND,1794234,1929136,1952116,1773595,1978936,2437292,2796940,3276325,3098030,2717895,2261181,2366239,2733750,2514115,1864917,1029307,871301,552718,254968,70165,9165
PORTUGAL,424788,443596,530300,560618,566578,558687,596960,703887,833685,840087,741132,697735,649524,596172,527241,401746,307561,196072,93064,28381,4860
PUERTO RICO,125089,150564,177814,194236,213306,215860,192766,181912,200576,202953,209323,218352,212017,195649,183241,137587,92040,53082,23519,7776,1406
QATAR,113194,106936,93783,97511,190515,321388,402977,394452,306338,196356,105428,54563,31598,16521,7071,3047,1585,664,195,45,7
ROMANIA,936303,1014281,1058312,1061563,1134251,1224252,1685171,1617636,1884654,1729326,1713255,1146410,1352452,1249121,930005,628673,529591,282801,102233,20945,1658
RUSSIA,7637530,8627222,8168156,7046736,6476110,8168157,12097170,11878173,10695407,9822977,8823480,10294200,9981827,8106547,5322828,2980521,3294269,1422930,720831,138949,18185
RWANDA,1749097,1731196,1598593,1364369,1190432,977943,1022939,843567,602716,417716,337880,301750,237875,160424,89391,48478,25650,9859,2259,280,17
SAINT BARTHELEMY,338,363,379,205,318,512,477,437,468,525,562,600,560,487,386,256,145,68,25,9,2
"SAINT HELENA, ASCENSION, AND TRISTAN DA CUNHA",367,394,430,466,487,451,447,524,568,700,695,518,501,440,357,250,137,82,35,11,2
SAINT KITTS AND NEVIS,3480,3653,3560,3509,3736,3779,3945,4081,4095,3815,3772,3781,3231,2163,1264,846,554,340,159,47,11
SAINT LUCIA,10455,10642,10933,10822,11818,12277,11584,12026,11611,11993,11813,10490,8209,6878,4907,3670,2879,1989,1032,365,94
SAINT MARTIN,2638,3088,2619,1636,1712,2458,3286,3125,2560,2020,1593,1474,1362,1105,811,512,310,155,67,19,6
SAINT PIERRE AND MIQUELON,201,264,300,269,203,190,218,317,380,493,541,414,361,354,316,207,165,91,44,14,5
SAINT VINCENT AND THE GRENADINES,6464,6794,7172,7484,7549,7524,7290,7368,7336,6929,6772,6377,5462,4109,2632,1878,1253,666,264,60,7
SAMOA,19550,19279,20896,20924,19034,17685,15081,11653,11869,10579,9344,8539,6746,4517,3175,2367,1515,684,286,48,3
SAN MARINO,1545,1674,1822,1945,2040,1873,1785,2020,2329,2545,2839,2747,2140,1808,1657,1261,987,682,349,153,31
SAO TOME AND PRINCIPE,29074,27673,27220,25117,20458,15527,13792,12344,10915,8230,5926,5150,3645,2408,1452,990,767,326,93,13,2
SAUDI ARABIA,2557037,2931599,2998436,2729005,2527554,2854615,3191645,3522052,3368604,2561510,1656081,1188049,845339,520487,317013,219668,116592,49957,15623,2429,203
SENEGAL,2304875,2112687,1937003,1719188,1483792,1281570,1089082,896794,712490,571264,476922,379293,283119,202528,136860,84060,43664,16636,3982,524,35
SERBIA,314810,329822,341857,385519,388634,431681,467775,502501,513489,499149,473994,479519,481025,493600,353581,222949,180571,105919,37842,7379,549
SEYCHELLES,6103,6051,5941,5886,6004,7122,7899,8401,8381,8037,7220,6302,4698,2802,1974,1347,997,547,208,53,8
SIERRA LEONE,1033694,906948,800837,681417,565859,500579,453117,371937,309212,262731,236111,153297,104100,94019,72559,46296,23034,7466,1545,167,8
SINGAPORE,272104,253646,268898,369899,561967,656044,652438,583354,459679,421388,377029,345888,310944,244844,180579,97927,73455,44788,23165,8719,2905
SINT MAARTEN,2750,2703,2721,2602,3214,3167,2548,1779,2217,3247,4176,4300,3358,2467,1473,678,302,106,30,7,2
SLOVAKIA,260160,281217,281931,260717,286405,353270,399938,427954,458612,425023,362412,356638,358938,331729,238939,158191,104447,59149,26293,7647,992
SLOVENIA,98049,108255,105790,92948,96575,107708,132319,151245,162100,151633,151320,152108,146312,140077,106335,79796,60357,37753,16772,4664,562
SOLOMON ISLANDS,77570,75011,73420,70539,65249,58259,51011,44804,41422,35512,26874,19677,14871,11075,8224,5800,3452,1617,563,131,16
SOMALIA,1915790,1633915,1432426,1266081,1062766,844146,778818,614904,507325,482742,408325,316075,226382,118697,70176,45908,22876,7927,1638,194,13
SOUTH AFRICA,5336576,5315208,5126224,4742237,4742687,5101818,5451676,4592001,3542289,2852710,2384140,2069529,1770361,1371036,966366,612496,332800,120868,28798,3566,231
SOUTH KOREA,2118262,2246735,2256407,2497773,3297114,3648408,3316667,3939603,3919414,4191968,4134493,4176836,3839693,2709446,2004455,1502437,1108107,611570,234789,68608,12325
SOUTH SUDAN,1664280,1448589,1278350,1236966,1010710,803471,656024,589447,481569,393988,314972,237193,178253,107448,77661,47998,22608,9074,2135,293,215
SPAIN,2282517,2546567,2682523,2532968,2417034,2634015,3037298,3595090,4304196,4320421,3918859,3489159,3007744,2503177,2230549,1746958,1265963,945855,422256,115561,17082
SRI LANKA,1666985,1776880,1844964,1760193,1576650,1640505,1590394,1732907,1661616,1435753,1369768,1266147,1132390,876363,674066,414329,261186,141109,54085,11532,1379
SUDAN,6949349,6262148,5930428,5358118,4182449,3311132,2833001,2343350,1955186,1717436,1459703,1091864,788457,554844,369435,236747,138220,60037,16867,2583,202
SURINAME,45374,46986,50181,51441,53424,47828,49787,53700,38907,39642,38893,32214,21287,15470,9817,6767,4741,2250,712,135,13
SWEDEN,613263,601429,591749,551756,549818,699029,714570,642543,619579,648525,655362,647496,566820,537647,542692,472360,283919,162277,76245,21701,3711
SWITZERLAND,438889,434164,416454,411043,461861,523936,583388,608920,585857,589715,642370,621672,511527,426626,390144,313818,214772,142961,65550,18044,2283
SYRIA,2305799,2181851,2005866,1886145,1866322,1546842,1506789,1431363,1096856,882746,773241,620233,430165,312963,250476,172699,83756,34122,8852,1268,94
TAIWAN,965215,973137,992846,1217364,1525288,1623277,1629804,1933308,1982083,1757151,1815440,1823722,1653362,1389544,841506,601039,444705,269838,127535,32565,4320
TAJIKISTAN,945359,946108,897249,813580,795309,800654,809635,655311,520894,445727,368616,323020,230220,147027,72959,49015,35493,14195,3014,276,8
TANZANIA,9242721,8254793,7504373,6554783,5381559,4432053,3810018,3236004,2708737,2069975,1491022,1146195,915773,706299,508899,327596,174535,68661,16513,2180,156
THAILAND,3722556,3765545,3858474,4186801,4795818,5192073,4790224,5274495,5586112,5390978,5285054,4837661,4137217,3032213,2109246,1416801,953769,468568,147061,24473,2261
THE BAHAMAS,24815,24797,24814,24822,27160,28172,24550,24109,24436,24307,22558,19248,14650,11103,7707,5174,3123,1518,513,125,20
TIMOR-LESTE,205610,185009,162296,151769,129432,107881,88310,72594,49135,55450,47875,41137,31048,23102,16343,10259,4682,1425,334,31,1
TOGO,1265616,1140780,1013501,879361,758703,700570,629590,521256,415147,330587,265784,213004,167167,125634,87521,53755,27188,10290,2582,379,29
TONGA,11012,11289,11647,10994,9860,8196,6932,6092,5124,5198,5961,3670,2877,2437,1895,1338,945,451,148,26,3
TRINIDAD AND TOBAGO,72653,79839,77266,70104,66271,74066,99879,112010,90275,75072,77776,92063,75172,55471,39973,25545,15037,6993,2626,609,89
TUNISIA,1002851,1072373,887967,765776,746443,877523,939755,934342,845323,733966,691177,639348,546273,412112,261235,175286,114832,57130,14968,2324,173
TURKEY,6103912,6443321,6655087,6561482,6289396,6139156,6313104,6722290,6119702,5470766,4759042,4202299,3385525,2641932,1827729,1159399,723895,364069,117170,16955,1283
TURKMENISTAN,490729,471073,444681,437347,473688,534223,519175,431442,361901,317658,276209,262618,210555,136342,75627,35642,32838,12113,4133,585,48
TURKS AND CAICOS ISLANDS,4012,4137,3780,3550,3826,4339,4684,5830,5887,5041,3585,2704,1662,1108,628,515,327,190,89,27,5
TUVALU,1242,1109,986,949,1048,1093,992,730,529,371,501,591,443,356,191,108,69,26,6,1,1
U.S. VIRGIN ISLANDS,6666,7068,7408,5756,5205,5880,6216,6960,5583,6682,7382,7767,7274,6444,5833,4169,2350,1122,365,94,11
UGANDA,8263798,6734072,5855919,4906246,3851683,3167823,2598274,1946744,1495303,1205228,936502,730304,529858,371537,288919,198954,113784,44183,12002,1725,108
UKRAINE,2239984,2474130,2382900,1965716,2109227,2758456,3566574,3631612,3281131,3109572,2828318,3070423,3023757,2492020,1884451,1148159,1258483,419476,231348,44772,2430
UNITED ARAB EMIRATES,497766,493628,452428,390576,402979,638955,1076430,1580140,1531406,1130726,839948,512948,254794,111741,48653,17993,7234,2639,882,187,30
UNITED KINGDOM,3899509,3876406,3819300,3589804,3963029,4381974,4549283,4314100,3956552,4233279,4652375,4533951,3840128,3257115,3256572,2288775,1619695,1001066,508625,181319,38260
UNITED STATES,20438539,20200409,20769978,21038355,21899476,23511987,22979416,21922009,20429786,20104631,20510406,21771752,21010792,18030171,14759266,10053038,6508211,3943281,2016964,648571,92064
URUGUAY,216310,217889,226700,246266,266583,256915,242415,220228,227460,212538,190589,189548,175810,146235,119713,94322,68008,43453,20055,5629,939
UZBEKISTAN,2426573,2352569,2309301,2410680,2672949,3074395,2994874,2509189,2058563,1793001,1531410,1469152,1168146,750761,408648,222238,240825,109969,50584,10371,1213
VANUATU,33307,33782,33289,31327,28317,25111,21037,18674,16372,14211,12254,10076,7494,5436,3715,2267,1123,421,103,16,1
VENEZUELA,2480367,2464853,2405957,2329970,2294015,2330406,2288701,2145946,1872185,1680880,1500700,1359914,1148801,915336,623138,380965,245174,122521,46669,7480,625
VIETNAM,7230008,7448117,7645657,7534468,7494107,8610599,8800086,8410216,7160467,6437665,5695962,5268568,4160423,2745003,1650119,1043185,762151,418921,163652,37043,4858
WALLIS AND FUTUNA,1043,1107,1113,1188,1145,1295,1295,1253,1115,1036,911,806,766,622,497,314,194,94,45,12,3
WEST BANK,355963,342173,325967,309476,292413,262031,212063,164161,147103,127523,107503,86827,61794,39114,27848,18775,11306,5747,1856,355,36
WESTERN SAHARA,84590,78874,73252,66755,60051,53728,47526,40614,33613,28437,23696,19449,14938,11049,7441,4633,2462,908,225,28,2
YEMEN,3758893,3795528,3715415,3410349,2994543,2599797,2280596,1950702,1560332,1007605,723791,664005,543719,374078,247440,144841,73039,29790,8465,1366,111
ZAMBIA,3092857,2628833,2248413,1890158,1601246,1334942,1094554,910445,758878,551439,396163,295869,227928,151843,114520,71521,39539,13981,3107,367,20
ZIMBABWE,2164084,1794428,1615105,1565045,1367105,1277408,1154428,992716,639598,433686,293529,300340,290990,229079,159779,119613,92610,45077,10330,1280,84
